DATE_TIME,OPEN,HIGH,LOW,CLOSE,VOL,TICKER,1_step_price
2025-10-09 17:21:00,1022.0,1022.0,1021.0,1021.0,16,RMZ5,16.2377
2025-10-09 17:22:00,1021.5,1021.5,1021.5,1021.5,11,RMZ5,16.2377
2025-10-09 17:23:00,1021.5,1021.5,1021.5,1021.5,14,RMZ5,16.2377
2025-10-09 17:24:00,1022.0,1022.5,1022.0,1022.5,37,RMZ5,16.2377
2025-10-09 17:25:00,1023.0,1023.0,1022.0,1022.0,15,RMZ5,16.2377
2025-10-09 17:26:00,1022.0,1022.0,1022.0,1022.0,1,RMZ5,16.2377
2025-10-09 17:27:00,1022.0,1022.0,1022.0,1022.0,2,RMZ5,16.2377
2025-10-09 17:28:00,1022.5,1022.5,1022.0,1022.0,2,RMZ5,16.2377
2025-10-09 17:29:00,1022.0,1022.0,1022.0,1022.0,2,RMZ5,16.2377
2025-10-09 17:30:00,1023.0,1023.0,1022.5,1022.5,45,RMZ5,16.2377
2025-10-09 17:31:00,1022.5,1022.5,1022.5,1022.5,11,RMZ5,16.2377
2025-10-09 17:32:00,1022.5,1022.5,1022.5,1022.5,9,RMZ5,16.2377
2025-10-09 17:33:00,1021.5,1022.0,1021.5,1022.0,11,RMZ5,16.2377
2025-10-09 17:34:00,1021.5,1021.5,1021.5,1021.5,5,RMZ5,16.2377
2025-10-09 17:35:00,1022.5,1022.5,1021.5,1022.5,13,RMZ5,16.2377
2025-10-09 17:36:00,1022.5,1022.5,1022.5,1022.5,1,RMZ5,16.2377
2025-10-09 17:37:00,1022.0,1023.0,1022.0,1023.0,11,RMZ5,16.2377
2025-10-09 17:38:00,1023.0,1023.0,1022.0,1022.0,28,RMZ5,16.2377
2025-10-09 17:39:00,1021.5,1022.0,1021.5,1022.0,24,RMZ5,16.2377
2025-10-09 17:40:00,1022.5,1022.5,1022.5,1022.5,12,RMZ5,16.2377
2025-10-09 17:42:00,1022.0,1022.5,1022.0,1022.5,3,RMZ5,16.2377
2025-10-09 17:43:00,1022.0,1022.0,1022.0,1022.0,1,RMZ5,16.2377
2025-10-09 17:44:00,1022.0,1022.0,1022.0,1022.0,1,RMZ5,16.2377
2025-10-09 17:45:00,1022.5,1022.5,1022.0,1022.0,40,RMZ5,16.2377
2025-10-09 17:46:00,1022.0,1022.0,1021.5,1021.5,43,RMZ5,16.2377
2025-10-09 17:47:00,1022.0,1022.0,1022.0,1022.0,3,RMZ5,16.2377
2025-10-09 17:48:00,1022.0,1022.0,1022.0,1022.0,4,RMZ5,16.2377
2025-10-09 17:49:00,1021.5,1021.5,1021.5,1021.5,1,RMZ5,16.2377
2025-10-09 17:50:00,1022.5,1022.5,1022.5,1022.5,8,RMZ5,16.2377
2025-10-09 17:51:00,1023.0,1023.5,1023.0,1023.0,40,RMZ5,16.2377
2025-10-09 17:52:00,1023.5,1024.0,1023.5,1024.0,13,RMZ5,16.2377
2025-10-09 17:53:00,1024.5,1024.5,1023.5,1023.5,14,RMZ5,16.2377
2025-10-09 17:54:00,1023.5,1024.0,1023.5,1024.0,4,RMZ5,16.2377
2025-10-09 17:55:00,1024.5,1024.5,1024.0,1024.0,20,RMZ5,16.2377
2025-10-09 17:56:00,1024.5,1025.5,1024.5,1025.5,15,RMZ5,16.2377
2025-10-09 17:57:00,1026.0,1027.5,1025.5,1026.5,229,RMZ5,16.2377
2025-10-09 17:58:00,1026.5,1026.5,1026.5,1026.5,12,RMZ5,16.2377
2025-10-09 17:59:00,1027.0,1027.0,1027.0,1027.0,6,RMZ5,16.2377
2025-10-09 18:00:00,1027.5,1028.5,1027.5,1028.5,46,RMZ5,16.2377
2025-10-09 18:01:00,1028.0,1028.5,1028.0,1028.5,109,RMZ5,16.2377
2025-10-09 18:02:00,1028.5,1029.0,1028.0,1028.5,72,RMZ5,16.2377
2025-10-09 18:03:00,1029.0,1030.0,1029.0,1029.5,95,RMZ5,16.2377
2025-10-09 18:04:00,1029.5,1030.0,1028.5,1028.5,65,RMZ5,16.2377
2025-10-09 18:05:00,1028.5,1029.5,1028.5,1029.0,32,RMZ5,16.2377
2025-10-09 18:06:00,1029.0,1029.0,1028.5,1029.0,32,RMZ5,16.2377
2025-10-09 18:07:00,1029.5,1029.5,1027.5,1027.5,15,RMZ5,16.2377
2025-10-09 18:08:00,1027.5,1027.5,1027.5,1027.5,32,RMZ5,16.2377
2025-10-09 18:09:00,1027.5,1028.0,1027.5,1028.0,10,RMZ5,16.2377
2025-10-09 18:11:00,1028.5,1028.5,1028.0,1028.0,16,RMZ5,16.2377
2025-10-09 18:12:00,1028.5,1028.5,1028.5,1028.5,11,RMZ5,16.2377
2025-10-09 18:13:00,1028.0,1029.0,1028.0,1029.0,16,RMZ5,16.2377
2025-10-09 18:14:00,1029.0,1029.5,1029.0,1029.5,28,RMZ5,16.2377
2025-10-09 18:15:00,1029.5,1029.5,1029.5,1029.5,33,RMZ5,16.2377
2025-10-09 18:16:00,1028.0,1028.0,1028.0,1028.0,2,RMZ5,16.2377
2025-10-09 18:17:00,1028.0,1028.0,1028.0,1028.0,11,RMZ5,16.2377
2025-10-09 18:18:00,1028.5,1028.5,1028.0,1028.0,21,RMZ5,16.2377
2025-10-09 18:19:00,1028.0,1028.0,1028.0,1028.0,25,RMZ5,16.2377
2025-10-09 18:20:00,1027.5,1027.5,1027.5,1027.5,20,RMZ5,16.2377
2025-10-09 18:21:00,1028.0,1028.0,1027.5,1027.5,40,RMZ5,16.2377
2025-10-09 18:22:00,1028.0,1028.0,1028.0,1028.0,5,RMZ5,16.2377
2025-10-09 18:23:00,1028.0,1028.0,1028.0,1028.0,6,RMZ5,16.2377
2025-10-09 18:24:00,1028.0,1028.0,1028.0,1028.0,72,RMZ5,16.2377
2025-10-09 18:25:00,1028.5,1028.5,1028.5,1028.5,10,RMZ5,16.2377
2025-10-09 18:26:00,1029.0,1029.0,1028.5,1029.0,20,RMZ5,16.2377
2025-10-09 18:28:00,1029.0,1029.5,1029.0,1029.5,16,RMZ5,16.2377
2025-10-09 18:29:00,1029.5,1030.0,1029.0,1029.0,33,RMZ5,16.2377
2025-10-09 18:30:00,1029.5,1029.5,1028.0,1028.0,23,RMZ5,16.2377
2025-10-09 18:31:00,1028.0,1028.0,1028.0,1028.0,9,RMZ5,16.2377
2025-10-09 18:32:00,1028.0,1028.5,1028.0,1028.5,2,RMZ5,16.2377
2025-10-09 18:33:00,1027.5,1028.0,1027.5,1027.5,34,RMZ5,16.2377
2025-10-09 18:35:00,1027.5,1028.0,1026.5,1027.5,151,RMZ5,16.2377
2025-10-09 18:36:00,1027.0,1027.0,1027.0,1027.0,5,RMZ5,16.2377
2025-10-09 18:37:00,1027.5,1027.5,1027.5,1027.5,115,RMZ5,16.2377
2025-10-09 18:40:00,1027.5,1027.5,1027.5,1027.5,20,RMZ5,16.2377
2025-10-09 18:41:00,1027.5,1027.5,1027.5,1027.5,1,RMZ5,16.2377
2025-10-09 18:42:00,1028.0,1028.5,1028.0,1028.5,3,RMZ5,16.2377
2025-10-09 18:44:00,1028.5,1028.5,1028.5,1028.5,9,RMZ5,16.2377
2025-10-09 18:45:00,1028.5,1029.0,1028.5,1029.0,26,RMZ5,16.2377
2025-10-09 18:47:00,1028.5,1028.5,1028.5,1028.5,2,RMZ5,16.2377
2025-10-09 18:48:00,1029.0,1029.0,1028.5,1028.5,26,RMZ5,16.2377
2025-10-09 18:49:00,1028.5,1029.0,1028.5,1029.0,5,RMZ5,16.2377
2025-10-09 19:05:00,1028.5,1028.5,1027.5,1027.5,78,RMZ5,16.2377
2025-10-09 19:06:00,1027.0,1027.0,1026.5,1026.5,45,RMZ5,16.2377
2025-10-09 19:07:00,1026.5,1026.5,1025.5,1025.5,38,RMZ5,16.2377
2025-10-09 19:08:00,1026.5,1026.5,1025.5,1026.5,22,RMZ5,16.2377
2025-10-09 19:09:00,1026.0,1027.0,1026.0,1027.0,31,RMZ5,16.2377
2025-10-09 19:10:00,1027.5,1028.0,1027.0,1027.0,23,RMZ5,16.2377
2025-10-09 19:11:00,1027.5,1027.5,1027.0,1027.0,38,RMZ5,16.2377
2025-10-09 19:12:00,1027.0,1027.0,1027.0,1027.0,11,RMZ5,16.2377
2025-10-09 19:14:00,1025.5,1026.0,1025.0,1025.0,7,RMZ5,16.2377
2025-10-09 19:15:00,1025.0,1025.5,1025.0,1025.5,19,RMZ5,16.2377
2025-10-09 19:16:00,1025.0,1025.5,1025.0,1025.0,14,RMZ5,16.2377
2025-10-09 19:17:00,1025.5,1025.5,1025.5,1025.5,1,RMZ5,16.2377
2025-10-09 19:18:00,1025.5,1025.5,1025.5,1025.5,1,RMZ5,16.2377
2025-10-09 19:19:00,1025.5,1026.0,1025.0,1025.5,8,RMZ5,16.2377
2025-10-09 19:20:00,1025.0,1025.0,1024.5,1024.5,4,RMZ5,16.2377
2025-10-09 19:21:00,1024.5,1025.0,1024.5,1025.0,5,RMZ5,16.2377
2025-10-09 19:23:00,1026.0,1026.0,1026.0,1026.0,6,RMZ5,16.2377
2025-10-09 19:25:00,1026.5,1027.0,1026.5,1027.0,9,RMZ5,16.2377
2025-10-09 19:26:00,1027.5,1027.5,1027.5,1027.5,2,RMZ5,16.2377
2025-10-09 19:27:00,1028.0,1028.0,1027.5,1027.5,8,RMZ5,16.2377
2025-10-09 19:29:00,1027.5,1027.5,1027.5,1027.5,37,RMZ5,16.2377
2025-10-09 19:31:00,1027.0,1027.0,1027.0,1027.0,1,RMZ5,16.2377
2025-10-09 19:32:00,1026.5,1026.5,1026.5,1026.5,1,RMZ5,16.2377
2025-10-09 19:33:00,1026.5,1026.5,1026.0,1026.0,9,RMZ5,16.2377
2025-10-09 19:35:00,1026.0,1026.0,1026.0,1026.0,1,RMZ5,16.2377
2025-10-09 19:36:00,1026.0,1026.0,1026.0,1026.0,17,RMZ5,16.2377
2025-10-09 19:38:00,1025.5,1025.5,1025.0,1025.0,19,RMZ5,16.2377
2025-10-09 19:39:00,1025.5,1025.5,1025.0,1025.0,5,RMZ5,16.2377
2025-10-09 19:42:00,1026.0,1026.0,1026.0,1026.0,1,RMZ5,16.2377
2025-10-09 19:43:00,1025.5,1025.5,1025.5,1025.5,2,RMZ5,16.2377
2025-10-09 19:44:00,1025.0,1025.0,1024.5,1024.5,26,RMZ5,16.2377
2025-10-09 19:45:00,1025.0,1025.0,1025.0,1025.0,8,RMZ5,16.2377
2025-10-09 19:47:00,1025.0,1025.0,1025.0,1025.0,7,RMZ5,16.2377
2025-10-09 19:48:00,1025.5,1025.5,1025.5,1025.5,14,RMZ5,16.2377
2025-10-09 19:49:00,1025.5,1026.0,1025.5,1026.0,11,RMZ5,16.2377
2025-10-09 19:52:00,1026.0,1026.0,1026.0,1026.0,10,RMZ5,16.2377
2025-10-09 19:54:00,1026.5,1026.5,1026.5,1026.5,10,RMZ5,16.2377
2025-10-09 19:55:00,1026.0,1026.0,1026.0,1026.0,3,RMZ5,16.2377
2025-10-09 19:56:00,1026.5,1028.0,1026.5,1027.0,136,RMZ5,16.2377
2025-10-09 19:58:00,1027.5,1027.5,1027.0,1027.0,7,RMZ5,16.2377
2025-10-09 19:59:00,1026.5,1026.5,1026.0,1026.0,6,RMZ5,16.2377
2025-10-09 20:00:00,1025.5,1025.5,1025.5,1025.5,20,RMZ5,16.2377
2025-10-09 20:01:00,1025.5,1026.0,1025.5,1026.0,14,RMZ5,16.2377
2025-10-09 20:02:00,1025.0,1025.0,1025.0,1025.0,5,RMZ5,16.2377
2025-10-09 20:03:00,1025.5,1026.0,1025.5,1026.0,6,RMZ5,16.2377
2025-10-09 20:06:00,1026.0,1026.0,1026.0,1026.0,9,RMZ5,16.2377
2025-10-09 20:07:00,1026.0,1026.0,1026.0,1026.0,4,RMZ5,16.2377
2025-10-09 20:08:00,1026.0,1026.5,1026.0,1026.5,19,RMZ5,16.2377
2025-10-09 20:09:00,1026.5,1026.5,1026.5,1026.5,3,RMZ5,16.2377
2025-10-09 20:10:00,1026.5,1026.5,1026.5,1026.5,5,RMZ5,16.2377
2025-10-09 20:11:00,1026.5,1026.5,1026.5,1026.5,20,RMZ5,16.2377
2025-10-09 20:15:00,1026.5,1026.5,1026.5,1026.5,1,RMZ5,16.2377
2025-10-09 20:16:00,1026.0,1026.0,1026.0,1026.0,10,RMZ5,16.2377
2025-10-09 20:18:00,1026.0,1026.0,1026.0,1026.0,1,RMZ5,16.2377
2025-10-09 20:20:00,1025.5,1025.5,1025.5,1025.5,9,RMZ5,16.2377
2025-10-09 20:22:00,1025.0,1025.0,1025.0,1025.0,12,RMZ5,16.2377
2025-10-09 20:23:00,1024.5,1024.5,1024.5,1024.5,2,RMZ5,16.2377
2025-10-09 20:25:00,1024.5,1024.5,1024.5,1024.5,3,RMZ5,16.2377
2025-10-09 20:27:00,1025.0,1025.0,1025.0,1025.0,1,RMZ5,16.2377
2025-10-09 20:28:00,1025.0,1025.0,1025.0,1025.0,2,RMZ5,16.2377
2025-10-09 20:30:00,1024.5,1024.5,1024.0,1024.0,124,RMZ5,16.2377
2025-10-09 20:31:00,1024.5,1024.5,1024.0,1024.0,12,RMZ5,16.2377
2025-10-09 20:32:00,1023.5,1023.5,1023.5,1023.5,1,RMZ5,16.2377
2025-10-09 20:33:00,1023.5,1023.5,1022.0,1023.0,252,RMZ5,16.2377
2025-10-09 20:34:00,1023.0,1023.0,1023.0,1023.0,1,RMZ5,16.2377
2025-10-09 20:35:00,1023.0,1023.0,1023.0,1023.0,21,RMZ5,16.2377
2025-10-09 20:38:00,1023.0,1023.0,1023.0,1023.0,3,RMZ5,16.2377
2025-10-09 20:40:00,1023.5,1023.5,1023.5,1023.5,1,RMZ5,16.2377
2025-10-09 20:41:00,1024.0,1024.0,1023.5,1023.5,6,RMZ5,16.2377
2025-10-09 20:44:00,1023.5,1023.5,1023.5,1023.5,2,RMZ5,16.2377
2025-10-09 20:48:00,1023.5,1023.5,1023.5,1023.5,1,RMZ5,16.2377
2025-10-09 20:52:00,1023.5,1023.5,1023.5,1023.5,2,RMZ5,16.2377
2025-10-09 20:53:00,1024.5,1024.5,1024.5,1024.5,3,RMZ5,16.2377
2025-10-09 20:54:00,1024.5,1025.0,1024.5,1025.0,43,RMZ5,16.2377
2025-10-09 20:55:00,1025.0,1026.0,1025.0,1026.0,15,RMZ5,16.2377
2025-10-09 20:56:00,1026.0,1027.0,1026.0,1027.0,22,RMZ5,16.2377
2025-10-09 20:57:00,1026.0,1026.0,1026.0,1026.0,1,RMZ5,16.2377
2025-10-09 20:58:00,1027.0,1027.0,1027.0,1027.0,1,RMZ5,16.2377
2025-10-09 20:59:00,1027.5,1028.0,1027.5,1028.0,24,RMZ5,16.2377
2025-10-09 21:01:00,1027.0,1027.0,1027.0,1027.0,19,RMZ5,16.2377
2025-10-09 21:03:00,1027.5,1027.5,1027.5,1027.5,1,RMZ5,16.2377
2025-10-09 21:05:00,1026.5,1026.5,1026.5,1026.5,10,RMZ5,16.2377
2025-10-09 21:09:00,1026.0,1026.0,1026.0,1026.0,14,RMZ5,16.2377
2025-10-09 21:10:00,1026.0,1026.0,1026.0,1026.0,4,RMZ5,16.2377
2025-10-09 21:11:00,1025.5,1026.0,1025.5,1026.0,10,RMZ5,16.2377
2025-10-09 21:19:00,1025.5,1025.5,1025.5,1025.5,9,RMZ5,16.2377
2025-10-09 21:22:00,1025.5,1025.5,1025.5,1025.5,5,RMZ5,16.2377
2025-10-09 21:26:00,1026.0,1026.0,1026.0,1026.0,10,RMZ5,16.2377
2025-10-09 21:35:00,1025.5,1025.5,1025.5,1025.5,1,RMZ5,16.2377
2025-10-09 21:38:00,1025.0,1025.5,1025.0,1025.5,2,RMZ5,16.2377
2025-10-09 21:40:00,1025.0,1025.0,1025.0,1025.0,5,RMZ5,16.2377
2025-10-09 21:41:00,1026.0,1026.0,1026.0,1026.0,40,RMZ5,16.2377
2025-10-09 21:42:00,1026.0,1026.5,1026.0,1026.5,14,RMZ5,16.2377
2025-10-09 21:44:00,1026.0,1026.0,1026.0,1026.0,3,RMZ5,16.2377
2025-10-09 21:45:00,1026.0,1026.0,1026.0,1026.0,7,RMZ5,16.2377
2025-10-09 21:46:00,1026.0,1026.0,1026.0,1026.0,1,RMZ5,16.2377
2025-10-09 21:49:00,1026.5,1026.5,1026.5,1026.5,1,RMZ5,16.2377
2025-10-09 21:50:00,1027.0,1027.0,1027.0,1027.0,1,RMZ5,16.2377
2025-10-09 21:51:00,1026.5,1026.5,1026.5,1026.5,10,RMZ5,16.2377
2025-10-09 21:53:00,1026.5,1026.5,1026.5,1026.5,1,RMZ5,16.2377
2025-10-09 21:54:00,1026.5,1028.0,1026.5,1028.0,56,RMZ5,16.2377
2025-10-09 21:55:00,1027.5,1027.5,1027.5,1027.5,5,RMZ5,16.2377
2025-10-09 21:56:00,1027.0,1027.0,1027.0,1027.0,10,RMZ5,16.2377
2025-10-09 22:00:00,1027.0,1027.0,1027.0,1027.0,21,RMZ5,16.2377
2025-10-09 22:02:00,1027.5,1027.5,1027.5,1027.5,11,RMZ5,16.2377
2025-10-09 22:05:00,1027.5,1027.5,1027.5,1027.5,20,RMZ5,16.2377
2025-10-09 22:06:00,1028.0,1028.0,1028.0,1028.0,1,RMZ5,16.2377
2025-10-09 22:07:00,1027.5,1027.5,1027.5,1027.5,1,RMZ5,16.2377
2025-10-09 22:09:00,1027.5,1027.5,1026.5,1026.5,38,RMZ5,16.2377
2025-10-09 22:11:00,1026.5,1026.5,1026.5,1026.5,12,RMZ5,16.2377
2025-10-09 22:15:00,1026.5,1026.5,1026.5,1026.5,1,RMZ5,16.2377
2025-10-09 22:19:00,1027.0,1027.0,1027.0,1027.0,10,RMZ5,16.2377
2025-10-09 22:21:00,1026.5,1026.5,1026.5,1026.5,1,RMZ5,16.2377
2025-10-09 22:22:00,1027.5,1027.5,1027.5,1027.5,1,RMZ5,16.2377
2025-10-09 22:23:00,1027.5,1027.5,1027.5,1027.5,8,RMZ5,16.2377
2025-10-09 22:26:00,1028.0,1028.5,1028.0,1028.0,30,RMZ5,16.2377
2025-10-09 22:29:00,1027.5,1027.5,1027.0,1027.0,10,RMZ5,16.2377
2025-10-09 22:31:00,1027.0,1027.0,1027.0,1027.0,6,RMZ5,16.2377
2025-10-09 22:36:00,1026.5,1026.5,1025.5,1025.5,58,RMZ5,16.2377
2025-10-09 22:37:00,1026.5,1026.5,1026.0,1026.0,5,RMZ5,16.2377
2025-10-09 22:38:00,1025.5,1025.5,1025.5,1025.5,15,RMZ5,16.2377
2025-10-09 22:39:00,1025.0,1025.0,1025.0,1025.0,2,RMZ5,16.2377
2025-10-09 22:40:00,1025.5,1025.5,1025.0,1025.0,5,RMZ5,16.2377
2025-10-09 22:42:00,1025.0,1025.0,1025.0,1025.0,1,RMZ5,16.2377
2025-10-09 22:45:00,1025.5,1025.5,1025.5,1025.5,2,RMZ5,16.2377
2025-10-09 22:46:00,1025.0,1025.0,1024.5,1024.5,15,RMZ5,16.2377
2025-10-09 22:47:00,1025.0,1025.0,1025.0,1025.0,11,RMZ5,16.2377
2025-10-09 22:48:00,1025.5,1025.5,1025.5,1025.5,10,RMZ5,16.2377
2025-10-09 22:53:00,1026.0,1026.0,1026.0,1026.0,6,RMZ5,16.2377
2025-10-09 22:54:00,1026.0,1026.0,1025.5,1025.5,6,RMZ5,16.2377
2025-10-09 22:55:00,1026.0,1026.0,1026.0,1026.0,1,RMZ5,16.2377
2025-10-09 22:56:00,1025.0,1025.0,1025.0,1025.0,2,RMZ5,16.2377
2025-10-09 22:58:00,1026.0,1026.0,1026.0,1026.0,9,RMZ5,16.2377
2025-10-09 23:04:00,1025.5,1025.5,1025.0,1025.5,13,RMZ5,16.2377
2025-10-09 23:05:00,1025.0,1025.0,1025.0,1025.0,4,RMZ5,16.2377
2025-10-09 23:06:00,1024.5,1024.5,1024.5,1024.5,2,RMZ5,16.2377
2025-10-09 23:07:00,1024.5,1024.5,1024.5,1024.5,2,RMZ5,16.2377
2025-10-09 23:11:00,1025.0,1025.0,1025.0,1025.0,4,RMZ5,16.2377
2025-10-09 23:12:00,1024.5,1024.5,1024.5,1024.5,1,RMZ5,16.2377
2025-10-09 23:15:00,1025.0,1025.0,1024.5,1025.0,28,RMZ5,16.2377
2025-10-09 23:16:00,1025.0,1025.0,1025.0,1025.0,4,RMZ5,16.2377
2025-10-09 23:19:00,1024.5,1024.5,1024.5,1024.5,2,RMZ5,16.2377
2025-10-09 23:21:00,1024.5,1024.5,1024.5,1024.5,37,RMZ5,16.2377
2025-10-09 23:22:00,1024.5,1024.5,1024.5,1024.5,22,RMZ5,16.2377
2025-10-09 23:23:00,1024.0,1024.0,1024.0,1024.0,1,RMZ5,16.2377
2025-10-09 23:24:00,1024.0,1024.0,1024.0,1024.0,2,RMZ5,16.2377
2025-10-09 23:25:00,1024.5,1024.5,1024.5,1024.5,33,RMZ5,16.2377
2025-10-09 23:27:00,1024.0,1024.0,1024.0,1024.0,1,RMZ5,16.2377
2025-10-09 23:28:00,1024.5,1024.5,1024.5,1024.5,2,RMZ5,16.2377
2025-10-09 23:33:00,1024.5,1024.5,1024.0,1024.5,30,RMZ5,16.2377
2025-10-09 23:41:00,1024.0,1024.0,1024.0,1024.0,2,RMZ5,16.2377
2025-10-09 23:43:00,1024.0,1024.0,1024.0,1024.0,9,RMZ5,16.2377
2025-10-09 23:47:00,1024.0,1024.0,1024.0,1024.0,10,RMZ5,16.2377
2025-10-10 08:59:00,1023.5,1023.5,1023.5,1023.5,3,RMZ5,16.2377
2025-10-10 09:00:00,1022.5,1022.5,1020.0,1021.0,58,RMZ5,16.2377
2025-10-10 09:01:00,1021.5,1022.0,1021.0,1021.5,21,RMZ5,16.2377
2025-10-10 09:02:00,1021.0,1021.0,1020.0,1020.0,99,RMZ5,16.2377
2025-10-10 09:03:00,1020.0,1020.0,1019.0,1019.5,30,RMZ5,16.2377
2025-10-10 09:04:00,1019.5,1019.5,1018.5,1019.0,20,RMZ5,16.2377
2025-10-10 09:05:00,1018.5,1019.0,1018.0,1018.0,73,RMZ5,16.2377
2025-10-10 09:06:00,1018.0,1018.5,1018.0,1018.5,11,RMZ5,16.2377
2025-10-10 09:07:00,1018.0,1019.0,1018.0,1019.0,17,RMZ5,16.2377
2025-10-10 09:08:00,1019.5,1020.0,1019.5,1019.5,71,RMZ5,16.2377
2025-10-10 09:09:00,1020.0,1020.5,1019.5,1020.0,64,RMZ5,16.2377
2025-10-10 09:10:00,1020.5,1020.5,1020.0,1020.0,6,RMZ5,16.2377
2025-10-10 09:11:00,1020.5,1020.5,1019.5,1019.5,11,RMZ5,16.2377
2025-10-10 09:12:00,1021.0,1021.0,1021.0,1021.0,1,RMZ5,16.2377
2025-10-10 09:14:00,1020.0,1020.5,1019.5,1020.5,7,RMZ5,16.2377
2025-10-10 09:16:00,1020.0,1020.5,1020.0,1020.5,4,RMZ5,16.2377
2025-10-10 09:17:00,1020.0,1020.0,1020.0,1020.0,2,RMZ5,16.2377
2025-10-10 09:18:00,1019.5,1020.0,1019.5,1020.0,13,RMZ5,16.2377
2025-10-10 09:20:00,1018.0,1018.0,1016.5,1017.5,86,RMZ5,16.2377
2025-10-10 09:21:00,1018.0,1018.5,1018.0,1018.5,9,RMZ5,16.2377
2025-10-10 09:22:00,1018.0,1019.0,1018.0,1019.0,60,RMZ5,16.2377
2025-10-10 09:23:00,1018.5,1019.5,1018.0,1019.5,56,RMZ5,16.2377
2025-10-10 09:24:00,1018.5,1018.5,1018.0,1018.0,3,RMZ5,16.2377
2025-10-10 09:25:00,1018.0,1018.0,1017.0,1017.0,6,RMZ5,16.2377
2025-10-10 09:26:00,1018.5,1018.5,1017.5,1017.5,16,RMZ5,16.2377
2025-10-10 09:27:00,1017.0,1017.0,1017.0,1017.0,11,RMZ5,16.2377
2025-10-10 09:28:00,1017.0,1019.0,1017.0,1019.0,27,RMZ5,16.2377
2025-10-10 09:29:00,1018.5,1019.0,1018.5,1019.0,15,RMZ5,16.2377
2025-10-10 09:30:00,1019.0,1019.5,1018.5,1018.5,110,RMZ5,16.2377
2025-10-10 09:31:00,1019.0,1020.0,1019.0,1019.5,40,RMZ5,16.2377
2025-10-10 09:32:00,1020.0,1020.0,1020.0,1020.0,1,RMZ5,16.2377
2025-10-10 09:34:00,1020.0,1020.0,1020.0,1020.0,10,RMZ5,16.2377
2025-10-10 09:35:00,1020.5,1021.0,1020.5,1021.0,49,RMZ5,16.2377
2025-10-10 09:37:00,1021.0,1021.0,1020.5,1020.5,6,RMZ5,16.2377
2025-10-10 09:39:00,1020.5,1020.5,1020.0,1020.5,12,RMZ5,16.2377
2025-10-10 09:41:00,1021.0,1021.0,1020.0,1020.0,20,RMZ5,16.2377
2025-10-10 09:43:00,1018.0,1018.0,1018.0,1018.0,3,RMZ5,16.2377
2025-10-10 09:44:00,1018.0,1018.0,1018.0,1018.0,1,RMZ5,16.2377
2025-10-10 09:45:00,1018.0,1018.5,1017.5,1018.5,31,RMZ5,16.2377
2025-10-10 09:46:00,1019.0,1019.5,1019.0,1019.5,7,RMZ5,16.2377
2025-10-10 09:47:00,1020.5,1020.5,1020.0,1020.0,7,RMZ5,16.2377
2025-10-10 09:48:00,1020.5,1020.5,1020.5,1020.5,1,RMZ5,16.2377
2025-10-10 09:50:00,1021.0,1021.0,1021.0,1021.0,2,RMZ5,16.2377
2025-10-10 09:51:00,1021.0,1021.5,1021.0,1021.5,7,RMZ5,16.2377
2025-10-10 09:52:00,1021.0,1021.5,1021.0,1021.5,13,RMZ5,16.2377
2025-10-10 09:53:00,1022.0,1022.0,1021.5,1022.0,112,RMZ5,16.2377
2025-10-10 09:54:00,1021.5,1021.5,1021.5,1021.5,9,RMZ5,16.2377
2025-10-10 09:55:00,1021.5,1022.0,1021.0,1022.0,17,RMZ5,16.2377
2025-10-10 09:56:00,1022.5,1023.0,1022.5,1023.0,23,RMZ5,16.2377
2025-10-10 09:57:00,1023.0,1023.0,1023.0,1023.0,7,RMZ5,16.2377
2025-10-10 09:58:00,1023.0,1023.0,1023.0,1023.0,6,RMZ5,16.2377
2025-10-10 10:00:00,1022.0,1022.0,1021.0,1021.0,83,RMZ5,16.2377
2025-10-10 10:01:00,1021.0,1022.0,1021.0,1022.0,72,RMZ5,16.2377
2025-10-10 10:02:00,1021.0,1022.5,1021.0,1022.5,37,RMZ5,16.2377
2025-10-10 10:03:00,1022.5,1022.5,1022.5,1022.5,1,RMZ5,16.2377
2025-10-10 10:04:00,1022.5,1024.0,1021.5,1023.5,86,RMZ5,16.2377
2025-10-10 10:05:00,1023.5,1024.0,1021.5,1021.5,49,RMZ5,16.2377
2025-10-10 10:06:00,1022.0,1022.5,1020.5,1020.5,93,RMZ5,16.2377
2025-10-10 10:07:00,1020.5,1022.0,1020.5,1021.0,47,RMZ5,16.2377
2025-10-10 10:08:00,1020.5,1020.5,1020.5,1020.5,1,RMZ5,16.2377
2025-10-10 10:09:00,1020.5,1021.5,1020.5,1021.0,84,RMZ5,16.2377
2025-10-10 10:10:00,1021.0,1021.0,1020.5,1021.0,55,RMZ5,16.2377
2025-10-10 10:11:00,1021.5,1021.5,1021.5,1021.5,16,RMZ5,16.2377
2025-10-10 10:12:00,1021.5,1021.5,1021.0,1021.0,17,RMZ5,16.2377
2025-10-10 10:13:00,1020.5,1020.5,1020.0,1020.0,50,RMZ5,16.2377
2025-10-10 10:14:00,1021.5,1021.5,1020.5,1020.5,55,RMZ5,16.2377
2025-10-10 10:15:00,1020.0,1020.5,1020.0,1020.5,55,RMZ5,16.2377
2025-10-10 10:17:00,1020.0,1020.0,1020.0,1020.0,4,RMZ5,16.2377
2025-10-10 10:18:00,1021.0,1021.0,1021.0,1021.0,10,RMZ5,16.2377
2025-10-10 10:19:00,1020.5,1021.5,1020.5,1021.5,62,RMZ5,16.2377
2025-10-10 10:20:00,1021.0,1021.0,1020.5,1020.5,30,RMZ5,16.2377
2025-10-10 10:21:00,1020.0,1020.0,1017.5,1018.0,283,RMZ5,16.2377
2025-10-10 10:22:00,1018.5,1019.0,1018.5,1018.5,16,RMZ5,16.2377
2025-10-10 10:23:00,1017.5,1019.0,1017.5,1019.0,19,RMZ5,16.2377
2025-10-10 10:24:00,1018.5,1018.5,1018.5,1018.5,12,RMZ5,16.2377
2025-10-10 10:25:00,1018.5,1019.0,1018.5,1018.5,33,RMZ5,16.2377
2025-10-10 10:27:00,1017.5,1018.5,1017.5,1018.0,149,RMZ5,16.2377
2025-10-10 10:28:00,1017.5,1017.5,1017.0,1017.0,26,RMZ5,16.2377
2025-10-10 10:29:00,1017.5,1017.5,1017.0,1017.5,5,RMZ5,16.2377
2025-10-10 10:30:00,1017.0,1017.0,1016.5,1017.0,57,RMZ5,16.2377
2025-10-10 10:31:00,1017.5,1018.0,1017.5,1018.0,9,RMZ5,16.2377
2025-10-10 10:32:00,1017.5,1017.5,1017.5,1017.5,4,RMZ5,16.2377
2025-10-10 10:33:00,1018.0,1018.0,1017.5,1017.5,12,RMZ5,16.2377
2025-10-10 10:34:00,1016.5,1016.5,1015.0,1016.0,141,RMZ5,16.2377
2025-10-10 10:35:00,1016.0,1016.5,1016.0,1016.5,23,RMZ5,16.2377
2025-10-10 10:36:00,1016.5,1018.5,1016.5,1018.5,104,RMZ5,16.2377
2025-10-10 10:37:00,1019.0,1020.0,1019.0,1020.0,61,RMZ5,16.2377
2025-10-10 10:38:00,1019.5,1019.5,1019.5,1019.5,17,RMZ5,16.2377
2025-10-10 10:39:00,1019.0,1020.5,1018.5,1020.5,219,RMZ5,16.2377
2025-10-10 10:40:00,1020.0,1021.0,1020.0,1021.0,27,RMZ5,16.2377
2025-10-10 10:41:00,1020.0,1020.5,1019.5,1019.5,19,RMZ5,16.2377
2025-10-10 10:42:00,1019.0,1019.0,1018.5,1018.5,16,RMZ5,16.2377
2025-10-10 10:43:00,1018.5,1018.5,1017.5,1018.0,175,RMZ5,16.2377
2025-10-10 10:44:00,1018.0,1018.0,1018.0,1018.0,2,RMZ5,16.2377
2025-10-10 10:45:00,1018.5,1018.5,1018.5,1018.5,21,RMZ5,16.2377
2025-10-10 10:46:00,1018.0,1021.0,1018.0,1020.5,66,RMZ5,16.2377
2025-10-10 10:47:00,1020.5,1020.5,1020.5,1020.5,5,RMZ5,16.2377
2025-10-10 10:48:00,1021.0,1021.5,1021.0,1021.5,8,RMZ5,16.2377
2025-10-10 10:49:00,1021.0,1021.5,1021.0,1021.5,11,RMZ5,16.2377
2025-10-10 10:50:00,1022.0,1022.0,1021.0,1021.0,10,RMZ5,16.2377
2025-10-10 10:51:00,1021.0,1021.5,1020.5,1020.5,40,RMZ5,16.2377
2025-10-10 10:52:00,1020.5,1020.5,1019.5,1019.5,44,RMZ5,16.2377
2025-10-10 10:54:00,1020.5,1020.5,1020.0,1020.0,11,RMZ5,16.2377
2025-10-10 10:55:00,1020.0,1020.5,1020.0,1020.5,19,RMZ5,16.2377
2025-10-10 10:56:00,1020.0,1020.0,1020.0,1020.0,33,RMZ5,16.2377
2025-10-10 10:57:00,1019.5,1019.5,1019.5,1019.5,10,RMZ5,16.2377
2025-10-10 10:59:00,1019.5,1019.5,1019.0,1019.0,5,RMZ5,16.2377
2025-10-10 11:00:00,1019.0,1019.0,1018.0,1018.0,20,RMZ5,16.2377
2025-10-10 11:02:00,1018.0,1018.0,1018.0,1018.0,3,RMZ5,16.2377
2025-10-10 11:03:00,1018.5,1018.5,1018.0,1018.0,74,RMZ5,16.2377
2025-10-10 11:05:00,1019.0,1019.5,1019.0,1019.5,8,RMZ5,16.2377
2025-10-10 11:06:00,1019.5,1020.0,1019.5,1020.0,4,RMZ5,16.2377
2025-10-10 11:07:00,1020.0,1020.0,1020.0,1020.0,11,RMZ5,16.2377
2025-10-10 11:08:00,1020.0,1021.0,1020.0,1021.0,39,RMZ5,16.2377
2025-10-10 11:09:00,1021.0,1021.0,1021.0,1021.0,3,RMZ5,16.2377
2025-10-10 11:10:00,1021.0,1021.5,1021.0,1021.5,42,RMZ5,16.2377
2025-10-10 11:11:00,1021.5,1022.0,1020.5,1020.5,102,RMZ5,16.2377
2025-10-10 11:12:00,1020.5,1020.5,1020.5,1020.5,1,RMZ5,16.2377
2025-10-10 11:13:00,1020.0,1020.0,1019.5,1019.5,10,RMZ5,16.2377
2025-10-10 11:14:00,1020.0,1020.0,1020.0,1020.0,2,RMZ5,16.2377
2025-10-10 11:15:00,1020.0,1020.0,1019.0,1019.0,29,RMZ5,16.2377
2025-10-10 11:16:00,1018.5,1018.5,1018.5,1018.5,1,RMZ5,16.2377
2025-10-10 11:17:00,1018.0,1018.0,1017.0,1017.0,29,RMZ5,16.2377
2025-10-10 11:18:00,1017.0,1018.0,1017.0,1018.0,62,RMZ5,16.2377
2025-10-10 11:20:00,1019.0,1019.5,1019.0,1019.5,29,RMZ5,16.2377
2025-10-10 11:22:00,1019.5,1020.0,1019.5,1020.0,14,RMZ5,16.2377
2025-10-10 11:23:00,1020.5,1020.5,1019.5,1019.5,27,RMZ5,16.2377
2025-10-10 11:25:00,1019.5,1019.5,1019.0,1019.0,15,RMZ5,16.2377
2025-10-10 11:26:00,1019.5,1019.5,1019.5,1019.5,10,RMZ5,16.2377
2025-10-10 11:27:00,1019.0,1019.0,1018.5,1019.0,19,RMZ5,16.2377
2025-10-10 11:28:00,1020.0,1023.0,1020.0,1023.0,144,RMZ5,16.2377
2025-10-10 11:29:00,1022.5,1025.0,1022.5,1024.5,170,RMZ5,16.2377
2025-10-10 11:30:00,1025.5,1026.0,1025.5,1025.5,68,RMZ5,16.2377
2025-10-10 11:31:00,1026.0,1026.0,1023.5,1024.0,79,RMZ5,16.2377
2025-10-10 11:32:00,1024.0,1024.0,1023.0,1023.0,43,RMZ5,16.2377
2025-10-10 11:33:00,1024.0,1024.0,1023.5,1023.5,19,RMZ5,16.2377
2025-10-10 11:34:00,1023.0,1023.5,1023.0,1023.5,3,RMZ5,16.2377
2025-10-10 11:35:00,1023.0,1024.0,1023.0,1024.0,37,RMZ5,16.2377
2025-10-10 11:36:00,1024.5,1024.5,1024.0,1024.0,7,RMZ5,16.2377
2025-10-10 11:37:00,1025.0,1025.5,1025.0,1025.5,24,RMZ5,16.2377
2025-10-10 11:38:00,1024.5,1025.0,1024.0,1024.0,71,RMZ5,16.2377
2025-10-10 11:39:00,1025.0,1025.0,1023.5,1023.5,37,RMZ5,16.2377
2025-10-10 11:40:00,1024.5,1026.5,1024.0,1026.5,69,RMZ5,16.2377
2025-10-10 11:41:00,1026.0,1027.0,1026.0,1026.5,18,RMZ5,16.2377
2025-10-10 11:42:00,1026.0,1027.5,1026.0,1027.5,18,RMZ5,16.2377
2025-10-10 11:43:00,1026.5,1027.0,1026.0,1026.5,25,RMZ5,16.2377
2025-10-10 11:44:00,1026.5,1027.0,1025.5,1025.5,19,RMZ5,16.2377
2025-10-10 11:45:00,1025.5,1026.0,1025.0,1025.5,45,RMZ5,16.2377
2025-10-10 11:46:00,1026.0,1026.0,1025.5,1025.5,13,RMZ5,16.2377
2025-10-10 11:48:00,1026.0,1026.0,1026.0,1026.0,21,RMZ5,16.2377
2025-10-10 11:49:00,1026.0,1026.0,1025.0,1025.0,27,RMZ5,16.2377
2025-10-10 11:50:00,1025.0,1025.0,1024.5,1024.5,9,RMZ5,16.2377
2025-10-10 11:51:00,1024.0,1024.0,1023.5,1024.0,47,RMZ5,16.2377
2025-10-10 11:52:00,1025.0,1025.5,1025.0,1025.5,11,RMZ5,16.2377
2025-10-10 11:53:00,1024.0,1024.0,1024.0,1024.0,11,RMZ5,16.2377
2025-10-10 11:54:00,1025.0,1025.0,1025.0,1025.0,2,RMZ5,16.2377
2025-10-10 11:56:00,1024.5,1024.5,1024.5,1024.5,10,RMZ5,16.2377
2025-10-10 11:58:00,1024.5,1024.5,1024.5,1024.5,3,RMZ5,16.2377
2025-10-10 11:59:00,1024.0,1024.0,1024.0,1024.0,5,RMZ5,16.2377
2025-10-10 12:00:00,1023.5,1023.5,1023.0,1023.0,37,RMZ5,16.2377
2025-10-10 12:01:00,1024.0,1024.5,1024.0,1024.5,15,RMZ5,16.2377
2025-10-10 12:02:00,1024.5,1024.5,1023.5,1023.5,52,RMZ5,16.2377
2025-10-10 12:03:00,1023.5,1023.5,1021.5,1021.5,203,RMZ5,16.2377
2025-10-10 12:04:00,1022.5,1022.5,1021.0,1021.5,39,RMZ5,16.2377
2025-10-10 12:05:00,1021.5,1021.5,1021.0,1021.0,23,RMZ5,16.2377
2025-10-10 12:06:00,1021.0,1021.0,1020.0,1020.5,31,RMZ5,16.2377
2025-10-10 12:07:00,1021.0,1021.5,1021.0,1021.0,48,RMZ5,16.2377
2025-10-10 12:08:00,1021.5,1022.0,1021.5,1022.0,25,RMZ5,16.2377
2025-10-10 12:09:00,1022.0,1023.0,1022.0,1023.0,30,RMZ5,16.2377
2025-10-10 12:10:00,1023.0,1023.0,1022.5,1022.5,16,RMZ5,16.2377
2025-10-10 12:11:00,1022.5,1023.0,1022.5,1023.0,25,RMZ5,16.2377
2025-10-10 12:13:00,1023.5,1024.0,1023.5,1024.0,3,RMZ5,16.2377
2025-10-10 12:14:00,1024.0,1024.0,1023.0,1023.0,21,RMZ5,16.2377
2025-10-10 12:16:00,1022.5,1022.5,1022.5,1022.5,4,RMZ5,16.2377
2025-10-10 12:17:00,1022.0,1022.5,1022.0,1022.5,64,RMZ5,16.2377
2025-10-10 12:19:00,1022.5,1022.5,1022.5,1022.5,1,RMZ5,16.2377
2025-10-10 12:20:00,1022.5,1022.5,1022.0,1022.5,17,RMZ5,16.2377
2025-10-10 12:21:00,1021.5,1021.5,1021.0,1021.0,6,RMZ5,16.2377
2025-10-10 12:22:00,1022.0,1023.0,1021.0,1022.5,35,RMZ5,16.2377
2025-10-10 12:23:00,1022.0,1022.0,1022.0,1022.0,30,RMZ5,16.2377
2025-10-10 12:25:00,1021.5,1022.5,1021.5,1022.5,20,RMZ5,16.2377
2025-10-10 12:26:00,1021.5,1021.5,1021.5,1021.5,5,RMZ5,16.2377
2025-10-10 12:27:00,1021.5,1023.0,1021.5,1023.0,11,RMZ5,16.2377
2025-10-10 12:28:00,1023.0,1023.0,1023.0,1023.0,2,RMZ5,16.2377
2025-10-10 12:29:00,1023.0,1023.0,1022.5,1022.5,7,RMZ5,16.2377
2025-10-10 12:30:00,1021.5,1021.5,1021.5,1021.5,1,RMZ5,16.2377
2025-10-10 12:31:00,1022.0,1022.0,1021.5,1021.5,14,RMZ5,16.2377
2025-10-10 12:33:00,1022.5,1022.5,1021.5,1021.5,17,RMZ5,16.2377
2025-10-10 12:34:00,1021.0,1021.0,1021.0,1021.0,2,RMZ5,16.2377
2025-10-10 12:35:00,1022.0,1022.0,1022.0,1022.0,26,RMZ5,16.2377
2025-10-10 12:36:00,1022.0,1022.0,1022.0,1022.0,3,RMZ5,16.2377
2025-10-10 12:39:00,1021.0,1021.0,1019.5,1019.5,36,RMZ5,16.2377
2025-10-10 12:40:00,1020.0,1020.5,1020.0,1020.5,19,RMZ5,16.2377
2025-10-10 12:41:00,1020.5,1021.0,1020.5,1021.0,17,RMZ5,16.2377
2025-10-10 12:44:00,1021.0,1021.0,1021.0,1021.0,3,RMZ5,16.2377
2025-10-10 12:45:00,1021.0,1021.0,1020.5,1021.0,19,RMZ5,16.2377
2025-10-10 12:46:00,1021.0,1021.0,1020.5,1020.5,9,RMZ5,16.2377
2025-10-10 12:49:00,1021.0,1021.0,1021.0,1021.0,3,RMZ5,16.2377
2025-10-10 12:51:00,1020.5,1020.5,1020.5,1020.5,16,RMZ5,16.2377
2025-10-10 12:54:00,1020.5,1020.5,1020.0,1020.0,28,RMZ5,16.2377
2025-10-10 12:55:00,1019.5,1019.5,1018.0,1018.0,32,RMZ5,16.2377
2025-10-10 12:56:00,1018.0,1019.0,1018.0,1018.5,41,RMZ5,16.2377
2025-10-10 12:57:00,1019.0,1019.5,1019.0,1019.5,29,RMZ5,16.2377
2025-10-10 12:58:00,1019.0,1019.0,1018.5,1019.0,42,RMZ5,16.2377
2025-10-10 13:00:00,1019.0,1019.0,1018.5,1019.0,18,RMZ5,16.2377
2025-10-10 13:01:00,1019.5,1019.5,1019.5,1019.5,1,RMZ5,16.2377
2025-10-10 13:02:00,1020.0,1020.0,1019.0,1019.0,41,RMZ5,16.2377
2025-10-10 13:03:00,1019.0,1019.0,1019.0,1019.0,1,RMZ5,16.2377
2025-10-10 13:04:00,1019.0,1019.0,1019.0,1019.0,14,RMZ5,16.2377
2025-10-10 13:05:00,1019.5,1020.0,1019.5,1020.0,16,RMZ5,16.2377
2025-10-10 13:06:00,1020.0,1020.0,1020.0,1020.0,1,RMZ5,16.2377
2025-10-10 13:08:00,1020.0,1020.5,1020.0,1020.5,3,RMZ5,16.2377
2025-10-10 13:10:00,1020.0,1020.0,1020.0,1020.0,12,RMZ5,16.2377
2025-10-10 13:11:00,1019.5,1019.5,1019.0,1019.0,65,RMZ5,16.2377
2025-10-10 13:12:00,1019.5,1019.5,1018.0,1018.0,59,RMZ5,16.2377
2025-10-10 13:13:00,1018.0,1018.5,1018.0,1018.0,32,RMZ5,16.2377
2025-10-10 13:14:00,1018.0,1018.0,1018.0,1018.0,2,RMZ5,16.2377
2025-10-10 13:15:00,1017.5,1018.5,1017.5,1018.5,41,RMZ5,16.2377
2025-10-10 13:16:00,1018.0,1018.0,1018.0,1018.0,5,RMZ5,16.2377
2025-10-10 13:17:00,1017.5,1017.5,1017.0,1017.0,122,RMZ5,16.2377
2025-10-10 13:18:00,1017.5,1017.5,1017.5,1017.5,6,RMZ5,16.2377
2025-10-10 13:19:00,1017.0,1017.5,1017.0,1017.5,16,RMZ5,16.2377
2025-10-10 13:21:00,1018.0,1018.5,1018.0,1018.5,20,RMZ5,16.2377
2025-10-10 13:22:00,1018.5,1018.5,1018.0,1018.0,11,RMZ5,16.2377
2025-10-10 13:25:00,1018.5,1018.5,1018.5,1018.5,1,RMZ5,16.2377
2025-10-10 13:26:00,1017.5,1017.5,1017.5,1017.5,10,RMZ5,16.2377
2025-10-10 13:27:00,1017.0,1017.0,1017.0,1017.0,4,RMZ5,16.2377
2025-10-10 13:28:00,1017.0,1017.5,1017.0,1017.5,40,RMZ5,16.2377
2025-10-10 13:29:00,1017.0,1017.0,1015.5,1016.0,97,RMZ5,16.2377
2025-10-10 13:30:00,1016.0,1016.0,1014.0,1015.5,145,RMZ5,16.2377
2025-10-10 13:31:00,1015.5,1015.5,1014.5,1014.5,65,RMZ5,16.2377
2025-10-10 13:32:00,1014.5,1015.0,1014.5,1015.0,8,RMZ5,16.2377
2025-10-10 13:33:00,1015.0,1015.0,1015.0,1015.0,1,RMZ5,16.2377
2025-10-10 13:35:00,1015.0,1015.0,1013.5,1013.5,42,RMZ5,16.2377
2025-10-10 13:36:00,1013.5,1014.0,1013.5,1014.0,41,RMZ5,16.2377
2025-10-10 13:37:00,1013.0,1013.5,1012.5,1012.5,34,RMZ5,16.2377
2025-10-10 13:38:00,1013.5,1014.5,1013.5,1014.5,79,RMZ5,16.2377
2025-10-10 13:39:00,1014.5,1018.0,1014.0,1017.0,1091,RMZ5,16.2377
2025-10-10 13:40:00,1017.5,1017.5,1014.0,1014.0,116,RMZ5,16.2377
2025-10-10 13:41:00,1014.0,1014.0,1013.5,1014.0,75,RMZ5,16.2377
2025-10-10 13:42:00,1014.0,1015.0,1014.0,1015.0,513,RMZ5,16.2377
2025-10-10 13:43:00,1015.0,1016.0,1014.5,1014.5,50,RMZ5,16.2377
2025-10-10 13:44:00,1015.0,1015.0,1015.0,1015.0,14,RMZ5,16.2377
2025-10-10 13:45:00,1014.5,1014.5,1012.0,1012.0,86,RMZ5,16.2377
2025-10-10 13:46:00,1012.5,1012.5,1012.0,1012.0,85,RMZ5,16.2377
2025-10-10 13:47:00,1012.0,1012.0,1012.0,1012.0,7,RMZ5,16.2377
2025-10-10 13:48:00,1012.5,1012.5,1010.0,1010.0,147,RMZ5,16.2377
2025-10-10 13:49:00,1010.0,1011.5,1009.5,1011.0,163,RMZ5,16.2377
2025-10-10 13:50:00,1011.0,1011.0,1010.5,1010.5,61,RMZ5,16.2377
2025-10-10 13:52:00,1012.0,1013.0,1011.5,1013.0,29,RMZ5,16.2377
2025-10-10 13:53:00,1012.5,1012.5,1012.0,1012.0,21,RMZ5,16.2377
2025-10-10 13:54:00,1012.5,1013.0,1012.5,1013.0,16,RMZ5,16.2377
2025-10-10 13:55:00,1012.5,1012.5,1012.5,1012.5,23,RMZ5,16.2377
2025-10-10 13:56:00,1012.0,1013.0,1012.0,1013.0,41,RMZ5,16.2377
2025-10-10 13:57:00,1013.0,1014.0,1013.0,1013.5,22,RMZ5,16.2377
2025-10-10 13:58:00,1013.5,1014.0,1013.5,1014.0,3,RMZ5,16.2377
2025-10-10 13:59:00,1013.5,1014.0,1013.5,1014.0,28,RMZ5,16.2377
2025-10-10 14:05:00,1014.0,1014.0,1012.0,1012.0,45,RMZ5,16.2377
2025-10-10 14:06:00,1012.0,1012.5,1011.5,1011.5,22,RMZ5,16.2377
2025-10-10 14:07:00,1011.5,1011.5,1011.0,1011.0,29,RMZ5,16.2377
2025-10-10 14:08:00,1010.5,1012.0,1010.5,1012.0,25,RMZ5,16.2377
2025-10-10 14:09:00,1011.5,1013.0,1011.5,1013.0,36,RMZ5,16.2377
2025-10-10 14:10:00,1013.5,1016.5,1013.5,1015.5,295,RMZ5,16.2377
2025-10-10 14:11:00,1015.0,1015.0,1014.5,1015.0,139,RMZ5,16.2377
2025-10-10 14:12:00,1014.5,1015.0,1014.5,1015.0,71,RMZ5,16.2377
2025-10-10 14:13:00,1014.0,1014.0,1013.5,1013.5,30,RMZ5,16.2377
2025-10-10 14:14:00,1013.5,1013.5,1013.5,1013.5,5,RMZ5,16.2377
2025-10-10 14:15:00,1013.5,1014.0,1013.0,1014.0,43,RMZ5,16.2377
2025-10-10 14:16:00,1013.5,1014.5,1013.5,1014.5,12,RMZ5,16.2377
2025-10-10 14:17:00,1014.5,1014.5,1014.5,1014.5,6,RMZ5,16.2377
2025-10-10 14:18:00,1014.5,1014.5,1014.5,1014.5,6,RMZ5,16.2377
2025-10-10 14:19:00,1014.5,1015.0,1014.5,1015.0,120,RMZ5,16.2377
2025-10-10 14:20:00,1014.0,1014.0,1013.5,1013.5,11,RMZ5,16.2377
2025-10-10 14:22:00,1014.0,1014.0,1014.0,1014.0,8,RMZ5,16.2377
2025-10-10 14:23:00,1014.0,1014.5,1014.0,1014.5,6,RMZ5,16.2377
2025-10-10 14:24:00,1014.5,1015.0,1014.5,1015.0,14,RMZ5,16.2377
2025-10-10 14:25:00,1014.5,1014.5,1014.0,1014.0,31,RMZ5,16.2377
2025-10-10 14:26:00,1014.0,1014.0,1012.5,1013.0,39,RMZ5,16.2377
2025-10-10 14:27:00,1013.0,1013.0,1013.0,1013.0,20,RMZ5,16.2377
2025-10-10 14:30:00,1013.0,1013.0,1013.0,1013.0,4,RMZ5,16.2377
2025-10-10 14:31:00,1013.0,1013.0,1012.5,1012.5,2,RMZ5,16.2377
2025-10-10 14:32:00,1013.5,1013.5,1013.5,1013.5,7,RMZ5,16.2377
2025-10-10 14:33:00,1014.0,1014.0,1013.5,1013.5,3,RMZ5,16.2377
2025-10-10 14:34:00,1014.0,1014.0,1014.0,1014.0,1,RMZ5,16.2377
2025-10-10 14:36:00,1013.0,1013.0,1013.0,1013.0,1,RMZ5,16.2377
2025-10-10 14:38:00,1013.0,1013.0,1012.5,1012.5,21,RMZ5,16.2377
2025-10-10 14:39:00,1012.5,1012.5,1011.5,1011.5,64,RMZ5,16.2377
2025-10-10 14:40:00,1012.0,1013.0,1012.0,1013.0,29,RMZ5,16.2377
2025-10-10 14:41:00,1013.5,1013.5,1013.5,1013.5,4,RMZ5,16.2377
2025-10-10 14:42:00,1013.5,1013.5,1013.5,1013.5,1,RMZ5,16.2377
2025-10-10 14:43:00,1013.0,1013.0,1013.0,1013.0,1,RMZ5,16.2377
2025-10-10 14:44:00,1013.0,1013.0,1013.0,1013.0,2,RMZ5,16.2377
2025-10-10 14:47:00,1011.5,1011.5,1010.5,1010.5,10,RMZ5,16.2377
2025-10-10 14:48:00,1012.0,1012.0,1012.0,1012.0,10,RMZ5,16.2377
2025-10-10 14:50:00,1013.0,1013.0,1013.0,1013.0,7,RMZ5,16.2377
2025-10-10 14:51:00,1012.5,1012.5,1012.5,1012.5,1,RMZ5,16.2377
2025-10-10 14:54:00,1012.5,1012.5,1012.5,1012.5,2,RMZ5,16.2377
2025-10-10 14:55:00,1011.5,1011.5,1011.0,1011.0,3,RMZ5,16.2377
2025-10-10 14:56:00,1010.5,1011.0,1010.0,1011.0,43,RMZ5,16.2377
2025-10-10 14:58:00,1011.0,1011.0,1011.0,1011.0,1,RMZ5,16.2377
2025-10-10 15:00:00,1010.0,1010.0,1009.0,1009.0,46,RMZ5,16.2377
2025-10-10 15:01:00,1009.5,1010.0,1009.5,1010.0,14,RMZ5,16.2377
2025-10-10 15:02:00,1009.5,1010.0,1009.5,1010.0,24,RMZ5,16.2377
2025-10-10 15:03:00,1010.0,1010.0,1009.0,1009.5,61,RMZ5,16.2377
2025-10-10 15:04:00,1010.0,1010.0,1010.0,1010.0,3,RMZ5,16.2377
2025-10-10 15:05:00,1010.0,1010.0,1009.5,1009.5,3,RMZ5,16.2377
2025-10-10 15:07:00,1009.5,1009.5,1009.0,1009.0,133,RMZ5,16.2377
2025-10-10 15:08:00,1009.5,1010.0,1009.5,1010.0,4,RMZ5,16.2377
2025-10-10 15:09:00,1010.0,1010.5,1010.0,1010.5,4,RMZ5,16.2377
2025-10-10 15:10:00,1009.5,1009.5,1008.5,1008.5,16,RMZ5,16.2377
2025-10-10 15:11:00,1008.0,1008.0,1008.0,1008.0,70,RMZ5,16.2377
2025-10-10 15:12:00,1008.0,1008.5,1008.0,1008.5,10,RMZ5,16.2377
2025-10-10 15:15:00,1009.0,1010.0,1009.0,1010.0,58,RMZ5,16.2377
2025-10-10 15:16:00,1009.5,1010.0,1009.5,1009.5,25,RMZ5,16.2377
2025-10-10 15:17:00,1010.0,1010.5,1010.0,1010.5,84,RMZ5,16.2377
2025-10-10 15:18:00,1010.0,1010.0,1010.0,1010.0,62,RMZ5,16.2377
2025-10-10 15:19:00,1010.5,1010.5,1010.5,1010.5,12,RMZ5,16.2377
2025-10-10 15:20:00,1011.0,1011.0,1010.5,1010.5,23,RMZ5,16.2377
2025-10-10 15:21:00,1010.0,1010.0,1009.0,1009.0,28,RMZ5,16.2377
2025-10-10 15:22:00,1010.0,1010.0,1010.0,1010.0,3,RMZ5,16.2377
2025-10-10 15:23:00,1009.5,1009.5,1006.5,1007.0,92,RMZ5,16.2377
2025-10-10 15:24:00,1007.5,1009.5,1007.5,1009.5,96,RMZ5,16.2377
2025-10-10 15:25:00,1009.0,1010.0,1009.0,1009.5,7,RMZ5,16.2377
2025-10-10 15:26:00,1009.0,1010.0,1009.0,1009.5,4,RMZ5,16.2377
2025-10-10 15:27:00,1009.5,1014.0,1009.5,1013.0,158,RMZ5,16.2377
2025-10-10 15:29:00,1012.0,1013.0,1012.0,1012.5,21,RMZ5,16.2377
2025-10-10 15:30:00,1012.5,1012.5,1011.5,1012.0,42,RMZ5,16.2377
2025-10-10 15:31:00,1012.0,1012.0,1012.0,1012.0,4,RMZ5,16.2377
2025-10-10 15:32:00,1013.0,1013.5,1013.0,1013.5,130,RMZ5,16.2377
2025-10-10 15:33:00,1013.5,1015.0,1013.0,1015.0,74,RMZ5,16.2377
2025-10-10 15:34:00,1015.0,1015.0,1014.5,1014.5,31,RMZ5,16.2377
2025-10-10 15:35:00,1014.5,1014.5,1013.5,1013.5,21,RMZ5,16.2377
2025-10-10 15:36:00,1014.0,1014.5,1014.0,1014.5,28,RMZ5,16.2377
2025-10-10 15:37:00,1013.5,1013.5,1013.5,1013.5,31,RMZ5,16.2377
2025-10-10 15:38:00,1013.0,1013.5,1013.0,1013.5,24,RMZ5,16.2377
2025-10-10 15:39:00,1014.5,1014.5,1014.0,1014.0,127,RMZ5,16.2377
2025-10-10 15:40:00,1014.5,1014.5,1014.5,1014.5,3,RMZ5,16.2377
2025-10-10 15:41:00,1013.5,1015.0,1013.5,1015.0,7,RMZ5,16.2377
2025-10-10 15:42:00,1014.5,1014.5,1014.0,1014.5,29,RMZ5,16.2377
2025-10-10 15:43:00,1014.5,1014.5,1013.5,1013.5,22,RMZ5,16.2377
2025-10-10 15:44:00,1013.0,1013.5,1012.0,1012.5,111,RMZ5,16.2377
2025-10-10 15:46:00,1012.5,1012.5,1012.5,1012.5,1,RMZ5,16.2377
2025-10-10 15:47:00,1012.5,1012.5,1012.5,1012.5,10,RMZ5,16.2377
2025-10-10 15:48:00,1013.0,1013.0,1012.0,1012.0,32,RMZ5,16.2377
2025-10-10 15:49:00,1012.0,1012.0,1011.0,1011.5,93,RMZ5,16.2377
2025-10-10 15:50:00,1011.0,1011.0,1011.0,1011.0,4,RMZ5,16.2377
2025-10-10 15:51:00,1011.5,1011.5,1011.5,1011.5,4,RMZ5,16.2377
2025-10-10 15:52:00,1010.5,1010.5,1009.5,1010.0,26,RMZ5,16.2377
2025-10-10 15:53:00,1009.5,1010.0,1009.5,1009.5,87,RMZ5,16.2377
2025-10-10 15:54:00,1009.5,1010.5,1009.5,1010.5,34,RMZ5,16.2377
2025-10-10 15:55:00,1010.0,1010.5,1009.0,1009.0,21,RMZ5,16.2377
2025-10-10 15:56:00,1009.0,1009.0,1008.0,1009.0,144,RMZ5,16.2377
2025-10-10 15:57:00,1009.0,1009.5,1008.5,1009.5,12,RMZ5,16.2377
2025-10-10 15:58:00,1009.5,1009.5,1009.5,1009.5,8,RMZ5,16.2377
2025-10-10 16:00:00,1009.0,1010.0,1009.0,1010.0,78,RMZ5,16.2377
2025-10-10 16:02:00,1010.5,1010.5,1010.0,1010.5,15,RMZ5,16.2377
2025-10-10 16:03:00,1011.0,1011.0,1010.0,1010.0,8,RMZ5,16.2377
2025-10-10 16:04:00,1009.5,1009.5,1009.5,1009.5,2,RMZ5,16.2377
2025-10-10 16:05:00,1009.5,1009.5,1008.0,1008.0,5,RMZ5,16.2377
2025-10-10 16:06:00,1008.5,1009.0,1008.5,1009.0,13,RMZ5,16.2377
2025-10-10 16:07:00,1009.0,1009.5,1009.0,1009.5,25,RMZ5,16.2377
2025-10-10 16:08:00,1009.0,1009.5,1009.0,1009.5,9,RMZ5,16.2377
2025-10-10 16:09:00,1010.0,1010.0,1010.0,1010.0,5,RMZ5,16.2377
2025-10-10 16:10:00,1008.5,1008.5,1007.5,1007.5,70,RMZ5,16.2377
2025-10-10 16:11:00,1007.5,1007.5,1006.5,1007.5,62,RMZ5,16.2377
2025-10-10 16:12:00,1008.0,1008.0,1008.0,1008.0,13,RMZ5,16.2377
2025-10-10 16:13:00,1007.5,1007.5,1006.5,1006.5,19,RMZ5,16.2377
2025-10-10 16:14:00,1006.5,1007.5,1006.5,1007.5,13,RMZ5,16.2377
2025-10-10 16:15:00,1007.5,1008.0,1007.5,1008.0,2,RMZ5,16.2377
2025-10-10 16:16:00,1008.0,1008.5,1008.0,1008.5,21,RMZ5,16.2377
2025-10-10 16:17:00,1008.5,1008.5,1008.5,1008.5,4,RMZ5,16.2377
2025-10-10 16:19:00,1009.0,1009.0,1009.0,1009.0,12,RMZ5,16.2377
2025-10-10 16:20:00,1008.0,1008.0,1007.5,1008.0,28,RMZ5,16.2377
2025-10-10 16:22:00,1007.5,1007.5,1007.0,1007.0,6,RMZ5,16.2377
2025-10-10 16:23:00,1006.5,1006.5,1005.5,1006.0,63,RMZ5,16.2377
2025-10-10 16:24:00,1005.5,1006.0,1005.0,1005.5,99,RMZ5,16.2377
2025-10-10 16:25:00,1005.5,1006.0,1005.0,1006.0,38,RMZ5,16.2377
2025-10-10 16:26:00,1006.0,1006.0,1006.0,1006.0,9,RMZ5,16.2377
2025-10-10 16:27:00,1005.0,1005.0,1004.0,1004.0,100,RMZ5,16.2377
2025-10-10 16:28:00,1004.0,1004.0,1003.0,1003.5,57,RMZ5,16.2377
2025-10-10 16:29:00,1003.5,1004.5,1003.5,1004.5,151,RMZ5,16.2377
2025-10-10 16:30:00,1004.0,1004.0,1001.5,1001.5,238,RMZ5,16.2377
