Дата и время;Стратегия;Код инструмента;Направление;Количество;Цена;Доход позиции;ID позиции;ID транзакции;ID заявки;Сигнал;Цена входа позиции;Средняя цена позиции;Текущее количество контрактов;Уровень Stop;Уровень Profit;Уровень;ТД Верх;ТД Низ;Средний ТД;Средний Объем;Счетчик;FlagTrade;FlagStopPos;
23.07.2025 09:23:38;SiBD;SiU5;Продажа;1;80744.0;0;SiBD_S1753251818;0;0;OpenShort;80744.0;80744.0;-1;0;0;80744.0;0;0;19.649886766763;409.20022819202;1;2;0;
23.07.2025 09:57:12;SiBD;SiU5;Покупка;1;80816.0;-72.0;SiBD_S1753251818;0;0;CloseShort;80744.0;80744.0;0;0;0;80744.0;0;0;19.838737898225;753.81777870023;0;-1;0;
23.07.2025 10:00:26;SiBD;SiU5;Продажа;1;80819.0;0;SiBD_S1753254018;1838790019;1892950812159018954;OpenShort;80819.0;80819.0;-1;0;0;80819.0;0;0;19.75803583169;719.37194444444;1;2;0;
23.07.2025 13:15:34;SiBD;SiU5;Покупка;1;80840.0;-21.0;SiBD_S1753254018;1838801728;1892950812160008411;CloseShort;80819.0;80819.0;0;0;0;80819.0;0;0;19.851484834531;1815.5077543903;0;-1;0;
23.07.2025 13:17:24;SiBD;SiU5;Продажа;1;80841.0;0;SiBD_S1753265844;1838801847;1892950812160011495;OpenShort;80841.0;80841.0;-1;0;0;80840.0;0;0;10;473.53277777778;1;2;0;
23.07.2025 14:49:28;SiBD;SiU5;Покупка;1;80712.0;129.0;SiBD_S1753265844;1838807374;1892950812160306272;CloseShortProfit;80841.0;80841.0;0;0;0;80692.0;0;0;10;695.85226374159;0;-3;0;
23.07.2025 14:55:45;SiBD;SiU5;Продажа;1;80816.0;0;SiBD_S1753271738;1838807745;1892950812160344806;OpenShort;80816.0;80816.0;-1;0;0;80816.0;0;0;10;688.19080614298;1;2;0;
23.07.2025 16:09:03;SiBD;SiU5;Покупка;1;80670.0;146.0;SiBD_S1753271738;1838812148;1892950812160716552;CloseShortProfit;80816.0;80816.0;0;0;0;80679.0;0;0;10;588.99349251341;0;-3;0;
23.07.2025 16:23:24;SiBD;SiU5;Продажа;1;80728.0;0;SiBD_S1753277001;1838813010;1892950812160744917;OpenShort;80728.0;80728.0;-1;0;0;80728.0;0;0;10;586.77394598665;1;2;0;
23.07.2025 18:18:15;SiBD;SiU5;Покупка;1;80593.0;135.0;SiBD_S1753277001;1838819907;1892950812161108325;CloseShortProfit;80728.0;80728.0;0;0;0;80588.0;0;0;10;595.6353733581;0;-3;0;
23.07.2025 19:16:41;SiBD;SiU5;Продажа;1;80737.0;0;SiBD_S1753287397;1838823410;1892950816453603250;OpenShort;80737.0;80737.0;-1;0;0;80737.0;0;0;10;490.17663388196;1;2;0;
24.07.2025 10:15:25;SiBD;SiU5;Продажа;1;81045.0;0;SiBD_S1753287397;1838877325;1892950816454148584;OpenShort;80737.0;80891.0;-2;0;0;81045.0;0;0;10;491.60566126822;2;2;0;
24.07.2025 10:16:20;SiBD;SiU5;Покупка;2;81179.5;-577.0;SiBD_S1753287397;1838877384;1892950816454180503;CloseShort;80737.0;80891.0;0;0;0;81077.0;0;0;10;623.76223358042;0;-1;0;
24.07.2025 10:16:20;SiBD;SiU5;Покупка;3;81179.0;0;SiBD_B1753341380;1838877385;1892950816454180597;OpenLongGlob;81179.0;81179.0;3;0;0;81077.0;0;0;10;623.76223358042;3;-1;0;
24.07.2025 10:32:05;SiBD;SiU5;Продажа;1;81320.0;141.0;SiBD_B1753341380;1838878330;1892950816454345448;CloseLongProfit;81179.0;81179.0;2;0;0;81320.0;0;0;10;1299.6217482812;2;-3;0;
24.07.2025 11:25:45;SiBD;SiU5;Продажа;1;81618.0;580.0;SiBD_B1753341380;1838881552;1892950816454750485;CloseLongProfit;81179.0;81179.0;1;0;0;81617.0;0;0;10;2006.9659757506;1;-3;0;
24.07.2025 11:25:45;SiBD;SiU5;Продажа;1;81618.0;1019.0;SiBD_B1753341380;1838881553;1892950816454750523;CloseLongProfit;81179.0;81179.0;0;0;0;81617.0;0;0;10;2006.9659757506;0;-3;0;
24.07.2025 14:38:25;SiBD;SiU5;Покупка;1;81508.0;0;SiBD_B1753357097;1838893106;1892950816455780058;OpenLong;81508.0;81508.0;1;0;0;81508.0;0;0;10.466366097511;898.58310713662;1;1;0;
24.07.2025 16:15:21;SiBD;SiU5;Покупка;1;81207.0;0;SiBD_B1753357097;1838898928;1892950816456073045;OpenLong;81508.0;81357.5;2;0;0;81207.0;0;0;10.527262304144;825.47326066565;2;1;0;
24.07.2025 16:16:00;SiBD;SiU5;Продажа;2;81214.0;-287.0;SiBD_B1753357097;1838898971;1892950816456081401;CloseLong;81508.0;81357.5;0;0;0;81210.0;0;0;10.549663249908;902.48203965456;0;-1;0;
24.07.2025 16:16:01;SiBD;SiU5;Продажа;2;81211.5;0;SiBD_S1753362960;1838898972;1892950816456081501;OpenShortGlob;81211.5;81211.5;-2;0;0;81210.0;0;0;10.549663249908;902.48203965456;2;-1;0;
24.07.2025 17:16:18;SiBD;SiU5;Покупка;1;81070.0;141.5;SiBD_S1753362960;1838902591;1892950816456382555;CloseShortProfit;81211.5;81211.5;-1;0;0;81070.0;0;0;10.942295030821;969.59093040348;1;-3;0;
24.07.2025 17:38:14;SiBD;SiU5;Продажа;1;81389.0;141.5;SiBD_S1753362960;1838903906;1892950816456489582;OpenShort;81211.5;81300.25;-2;0;0;81389.0;0;0;11.07327408107;1088.0597591633;2;2;0;
24.07.2025 19:50:01;SiBD;SiU5;Покупка;2;81550.0;-358.0;SiBD_S1753362960;1838911815;1892950820748606036;CloseShort;81211.5;81300.25;0;0;0;81550.0;0;0;10.655309545967;415.91820802819;0;-1;0;
24.07.2025 19:50:01;SiBD;SiU5;Покупка;3;81550.0;0;SiBD_B1753375801;1838911817;1892950820748606048;OpenLongGlob;81550.0;81550.0;3;0;0;81550.0;0;0;10.655309545967;415.91820802819;3;-1;0;
25.07.2025 09:06:17;SiBD;SiU5;Продажа;1;81695.0;145.0;SiBD_B1753375801;1838959578;1892950820748846734;CloseLongProfit;81550.0;81550.0;2;0;0;81693.0;0;0;10;169.50779936714;2;-3;0;
25.07.2025 13:46:25;SiBD;SiU5;Покупка;1;81436.0;145.0;SiBD_B1753375801;1838976391;1892950820750029417;OpenLong;81550.0;81512.0;3;0;0;81437.0;0;0;10.369644112251;1375.7651502159;3;1;0;
25.07.2025 14:07:14;SiBD;SiU5;Продажа;3;81203.0;-782.0;SiBD_B1753375801;1838977627;1892950820750152005;CloseLong;81550.0;81512.0;0;0;0;81203.0;0;0;10.465210574742;2009.5656422147;0;-1;0;
25.07.2025 14:07:15;SiBD;SiU5;Продажа;4;81202.0;0;SiBD_S1753441634;1838977642;1892950820750153674;OpenShortGlob;81202.0;81202.0;-4;0;0;81203.0;0;0;10.465210574742;2009.5656422147;4;-1;0;
25.07.2025 16:24:00;SiBD;SiU5;Покупка;4;81547.5;-1382.0;SiBD_S1753441634;1838985849;1892950820750953736;CloseShort;81202.0;81202.0;0;0;0;81550.0;0;0;11.499569793104;815.02547440891;0;-1;0;
25.07.2025 16:24:02;SiBD;SiU5;Покупка;5;81547.0;0;SiBD_B1753449840;1838985850;1892950820750953822;OpenLongGlob;81547.0;81547.0;5;0;0;81550.0;0;0;11.499569793104;815.02547440891;5;-1;0;
28.07.2025 09:30:40;SiBD;SiU5;Покупка;1;81221.0;0;SiBD_B1753449840;1839220240;1892950825043779817;OpenLong;81547.0;81492.666666667;6;0;0;81221.0;0;0;10;166.28916621418;6;1;0;
28.07.2025 09:31:23;SiBD;SiU5;Продажа;6;81194.0;-1792.0;SiBD_B1753449840;1839220287;1892950825043786329;CloseLong;81547.0;81492.666666667;0;0;0;81218.0;0;0;10;179.88434677728;0;-1;0;
28.07.2025 09:31:25;SiBD;SiU5;Продажа;7;81195.0;0;SiBD_S1753684283;1839220288;1892950825043786356;OpenShortGlob;81195.0;81195.0;-7;0;0;81218.0;0;0;10;179.88434677728;7;-1;0;
28.07.2025 11:08:53;SiBD;SiU5;Продажа;1;81535.0;0;SiBD_S1753684283;1839226138;1892950825044237262;OpenShort;81195.0;81237.5;-8;0;0;81535.0;0;0;10.428524042226;1266.6340212414;8;2;0;
28.07.2025 11:09:20;SiBD;SiU5;Покупка;8;81595.0;-2860.0;SiBD_S1753684283;1839226169;1892950825044253131;CloseShort;81195.0;81237.5;0;0;0;81534.0;0;0;10.485666960121;1277.606787554;0;-1;0;
28.07.2025 11:09:45;SiBD;SiU5;Покупка;8;81600.0;0;SiBD_B1753690160;1839226192;1892950825044257897;OpenLongGlob;81600.0;81600.0;8;0;0;81534.0;0;0;10.485666960121;1277.606787554;8;-1;0;
28.07.2025 12:01:43;SiBD;SiU5;Продажа;1;81742.0;142.0;SiBD_B1753690160;1839229314;1892950825044682132;CloseLongProfit;81600.0;81600.0;7;0;0;81741.0;0;0;11.254353806026;1256.2554489406;7;-3;0;
28.07.2025 15:16:31;SiBD;SiU5;Продажа;1;82054.0;596.0;SiBD_B1753690160;1839241005;1892950825045638708;CloseLongProfit;81600.0;81600.0;6;0;0;82054.0;0;0;11.418140312208;681.18453178004;6;-3;0;
28.07.2025 15:22:21;SiBD;SiU5;Продажа;1;82344.0;1340.0;SiBD_B1753690160;1839241356;1892950825045732421;CloseLongProfit;81600.0;81600.0;5;0;0;82344.0;0;0;11.708885938133;925.98122113059;5;-3;0;
28.07.2025 16:29:30;SiBD;SiU5;Продажа;1;82646.0;2386.0;SiBD_B1753690160;1839245385;1892950825046492140;CloseLongProfit;81600.0;81600.0;4;0;0;82642.0;0;0;13.015082107787;1506.418479068;4;-3;0;
28.07.2025 16:47:34;SiBD;SiU5;Продажа;1;82949.0;3735.0;SiBD_B1753690160;1839246471;1892950825046680386;CloseLongProfit;81600.0;81600.0;3;0;0;82949.0;0;0;13.318937841657;1787.5974115835;3;-3;0;
28.07.2025 16:59:34;SiBD;SiU5;Продажа;1;83246.0;5381.0;SiBD_B1753690160;1839247192;1892950825046819505;CloseLongProfit;81600.0;81600.0;2;0;0;83246.0;0;0;13.639850880834;2001.857427453;2;-3;0;
28.07.2025 18:02:47;SiBD;SiU5;Продажа;1;83564.0;7345.0;SiBD_B1753690160;1839250985;1892950825047890473;CloseLongProfit;81600.0;81600.0;1;0;0;83564.0;0;0;16.15925742199;2344.3560551089;1;-3;0;
28.07.2025 18:02:47;SiBD;SiU5;Продажа;1;83575.0;9320.0;SiBD_B1753690160;1839250987;1892950825047891912;CloseLongProfit;81600.0;81600.0;0;0;0;83564.0;0;0;16.15925742199;2344.3560551089;0;-3;0;
29.07.2025 11:19:10;SiBD;SiU5;Покупка;1;84000.0;0;SiBD_B1753777149;1839313152;1892950829340790554;OpenLong;84000.0;84000.0;1;0;0;84000.0;0;0;21.909688857033;2705.143381057;1;1;0;
29.07.2025 11:28:40;SiBD;SiU5;Продажа;1;84304.0;304.0;SiBD_B1753777149;1839313723;1892950829340958273;CloseLongProfit;84000.0;84000.0;0;0;0;84304.0;0;0;22.115625568097;2595.8826322422;0;-3;0;
29.07.2025 12:21:01;SiBD;SiU5;Покупка;1;84036.0;0;SiBD_B1753780861;1839316866;1892950829341629812;OpenLong;84036.0;84036.0;1;0;0;84036.0;0;0;22.51210853627;2044.5754827032;1;1;0;
29.07.2025 14:09:50;SiBD;SiU5;Продажа;1;83732.0;-304.0;SiBD_B1753780861;1839323308;1892950829342589270;CloseLong;84036.0;84036.0;0;0;0;83791.0;0;0;21.977821266954;1555.1566740549;0;-1;0;
29.07.2025 14:11:40;SiBD;SiU5;Продажа;3;83702.0;0;SiBD_S1753787390;1839323421;1892950829342611319;OpenShortGlob;83702.0;83702.0;-3;0;0;83791.0;0;0;21.977821266954;1555.1566740549;3;-1;0;
29.07.2025 14:11:40;SiBD;SiU5;Покупка;4;83616.0;344.0;SiBD_S1753787390;0;0;TradeHand;83702.0;83702.0;1;0;0;83791.0;0;0;21.977821266954;1555.1566740549;3;-1;0;
29.07.2025 14:13:10;SiBD;SiU5;Продажа;1;83618.0;260.0;SiBD_S1753787390;1839323512;1892950829342630677;CloseLong;83702.0;83702.0;0;0;0;83616.0;0;0;21.958618931996;1566.537396154;0;-1;0;
29.07.2025 14:14:40;SiBD;SiU5;Продажа;2;83631.0;0;SiBD_S1753787590;1839323603;1892950829342643071;OpenShortGlob;83631.0;83631.0;-2;0;0;83616.0;0;0;21.958618931996;1566.537396154;2;-1;0;
29.07.2025 14:14:40;SiBD;SiU5;Продажа;1;83656.0;0;SiBD_S1753787590;0;0;TradeHand;83631.0;83639.333333333;-3;0;0;83616.0;0;0;21.958618931996;1566.537396154;2;-1;0;
29.07.2025 14:14:53;SiBD;SiU5;Продажа;1;83663.0;0;SiBD_S1753787590;0;0;TradeHand;83631.0;83645.25;-4;0;0;83616.0;0;0;21.948415574391;1567.9284395514;2;0;0;
29.07.2025 14:15:17;SiBD;SiU5;Продажа;2;83632.0;0;SiBD_S1753787590;0;0;TradeHand;83631.0;83640.833333333;-6;0;0;83616.0;0;0;21.962584272373;1598.5796322256;2;0;0;
29.07.2025 14:53:56;SiBD;SiU5;Продажа;1;83975.0;0;SiBD_S1753787590;1839326050;1892950829342948988;OpenShort;83631.0;83688.571428571;-7;0;0;83975.0;0;0;21.667030129755;1193.6055592004;3;2;0;
29.07.2025 15:10:01;SiBD;SiU5;Покупка;7;84105.0;-2915.0;SiBD_S1753787590;1839327015;1892950829343147637;CloseShort;83631.0;83688.571428571;0;0;0;84104.0;0;0;21.847896018907;1190.7137346381;0;-1;0;
29.07.2025 15:10:01;SiBD;SiU5;Покупка;5;84105.0;0;SiBD_B1753791001;1839327017;1892950829343148010;OpenLongGlob;84105.0;84105.0;5;0;0;84104.0;0;0;21.847896018907;1190.7137346381;5;-1;0;
29.07.2025 15:26:49;SiBD;SiU5;Покупка;1;83796.0;0;SiBD_B1753791001;1839328024;1892950829343362709;OpenLong;84105.0;84053.5;6;0;0;83796.0;0;0;22.088251809735;1132.6799515269;6;1;0;
29.07.2025 15:30:49;SiBD;SiU5;Продажа;1;84116.0;62.5;SiBD_B1753791001;1839328265;1892950829343457140;CloseLongProfit;84105.0;84053.5;5;0;0;84116.0;0;0;22.342524146688;1167.8372239285;5;-3;0;
29.07.2025 15:59:02;SiBD;SiU5;Покупка;1;83800.0;62.5;SiBD_B1753791001;1839329947;1892950829343702443;OpenLong;84105.0;84011.25;6;0;0;83800.0;0;0;22.523684920449;997.11302200942;6;1;0;
29.07.2025 16:03:01;SiBD;SiU5;Продажа;6;83731.0;-1619.0;SiBD_B1753791001;1839330200;1892950829343755390;CloseLong;84105.0;84011.25;0;0;0;83735.0;0;0;22.619973916737;1080.1463823288;0;-1;0;
29.07.2025 16:03:01;SiBD;SiU5;Продажа;7;83731.0;0;SiBD_S1753794181;1839330202;1892950829343755397;OpenShortGlob;83731.0;83731.0;-7;0;0;83735.0;0;0;22.619973916737;1080.1463823288;7;-1;0;
29.07.2025 16:51:42;SiBD;SiU5;Продажа;1;84050.0;0;SiBD_S1753794181;1839333122;1892950829344187824;OpenShort;83731.0;83770.875;-8;0;0;84050.0;0;0;22.595041183237;993.20296619046;8;2;0;
29.07.2025 16:55:07;SiBD;SiU5;Покупка;8;84098.875;-2624.0;SiBD_S1753794181;1839333324;1892950829344213165;CloseShort;83731.0;83770.875;0;0;0;84100.0;0;0;22.580596692865;1013.886579213;0;-1;0;
29.07.2025 16:55:08;SiBD;SiU5;Покупка;8;84068.0;0;SiBD_B1753797307;1839333331;1892950829344214849;OpenLongGlob;84068.0;84068.0;8;0;0;84100.0;0;0;22.580596692865;1013.886579213;8;-1;0;
29.07.2025 21:14:39;SiBD;SiU5;Продажа;1;84382.0;314.0;SiBD_B1753797307;1839348904;1892950833633872596;CloseLongProfit;84068.0;84068.0;7;0;0;84382.0;0;0;21.730197925601;441.47198946474;7;-3;1;
30.07.2025 09:25:14;SiBD;SiU5;Покупка;1;83971.0;314.0;SiBD_B1753797307;1839392714;1892950833634303376;OpenLong;84068.0;84055.875;8;0;0;83971.0;0;0;20.46795055062;507.4685233397;8;1;0;
30.07.2025 09:39:05;SiBD;SiU5;Продажа;8;83746.125;-2164.0;SiBD_B1753797307;1839393542;1892950833634375423;CloseLong;84068.0;84055.875;0;0;0;83746.0;0;0;20.626110250749;708.02975031205;0;-1;0;
30.07.2025 09:39:06;SiBD;SiU5;Продажа;9;83743.222222222;0;SiBD_S1753857545;1839393548;1892950833634375636;OpenShortGlob;83743.222222222;83743.222222222;-9;0;0;83746.0;0;0;20.626110250749;708.02975031205;9;-1;0;
30.07.2025 12:08:18;SiBD;SiU5;Покупка;1;83460.0;283.22222222222;SiBD_S1753857545;1839402501;1892950833635636275;CloseShortProfit;83743.222222222;83743.222222222;-8;0;0;83460.0;0;0;20.9677433749;1455.8011674919;8;-3;0;
30.07.2025 15:29:49;SiBD;SiU5;Покупка;1;83156.0;870.44444444444;SiBD_S1753857545;1839414594;1892950833636999793;CloseShortProfit;83743.222222222;83743.222222222;-7;0;0;83160.0;0;0;20.372931904446;986.44075909641;7;-3;0;
30.07.2025 16:19:09;SiBD;SiU5;Покупка;1;82853.0;1760.6666666667;SiBD_S1753857545;1839417551;1892950833637508488;CloseShortProfit;83743.222222222;83743.222222222;-6;0;0;82853.0;0;0;20.376584676738;1440.6332321048;6;-3;0;
30.07.2025 17:26:08;SiBD;SiU5;Покупка;1;82543.0;2960.8888888889;SiBD_S1753857545;1839421573;1892950833638290414;CloseShortProfit;83743.222222222;83743.222222222;-5;0;0;82543.0;0;0;20.810092242494;1581.877210714;5;-3;0;
31.07.2025 10:42:23;SiBD;SiU5;Покупка;1;82255.0;4449.1111111111;SiBD_S1753857545;1839483744;1892950837929801722;CloseShortProfit;83743.222222222;83743.222222222;-4;0;0;82255.0;0;0;20.303781332095;1409.607716662;4;-3;0;
31.07.2025 10:50:25;SiBD;SiU5;Покупка;1;81960.0;6232.3333333333;SiBD_S1753857545;1839484226;1892950837929930935;CloseShortProfit;83743.222222222;83743.222222222;-3;0;0;81960.0;0;0;20.517094423505;1968.771519878;3;-3;0;
31.07.2025 10:58:52;SiBD;SiU5;Покупка;1;81655.0;8320.5555555555;SiBD_S1753857545;1839484735;1892950837930086767;CloseShortProfit;83743.222222222;83743.222222222;-2;0;0;81655.0;0;0;20.601421659896;2420.3459132638;2;-3;0;
31.07.2025 11:12:43;SiBD;SiU5;Покупка;1;81340.0;10723.777777778;SiBD_S1753857545;1839485567;1892950837930426069;CloseShortProfit;83743.222222222;83743.222222222;-1;0;0;81340.0;0;0;20.921875493188;3772.9541634274;1;-3;0;
31.07.2025 11:12:44;SiBD;SiU5;Покупка;1;81340.0;13127.0;SiBD_S1753857545;1839485568;1892950837930426252;CloseShortProfit;83743.222222222;83743.222222222;0;0;0;81340.0;0;0;20.921875493188;3772.9541634274;0;-3;0;
31.07.2025 12:28:55;SiBD;SiU5;Продажа;1;81667.0;0;SiBD_S1753954134;1839490140;1892950837931592716;OpenShort;81667.0;81667.0;-1;0;0;81667.0;0;0;21.891180643926;4618.2358370276;1;2;0;
31.07.2025 13:24:15;SiBD;SiU5;Покупка;1;81932.0;-265.0;SiBD_S1753954134;1839493448;1892950837932068634;CloseShort;81667.0;81667.0;0;0;0;81934.0;0;0;21.956040687327;3128.2832286758;0;-1;0;
31.07.2025 13:24:16;SiBD;SiU5;Покупка;2;81943.0;0;SiBD_B1753957455;1839493463;1892950837932071908;OpenLongGlob;81943.0;81943.0;2;0;0;81934.0;0;0;21.956040687327;3128.2832286758;2;-1;0;
31.07.2025 14:10:42;SiBD;SiU5;Продажа;1;82236.0;293.0;SiBD_B1753957455;1839496251;1892950837932330612;CloseLongProfit;81943.0;81943.0;1;0;0;82236.0;0;0;21.665127081201;2354.6802979405;1;-3;0;
31.07.2025 17:07:13;SiBD;SiU5;Покупка;1;81830.0;293.0;SiBD_B1753957455;1839506843;1892950837933232968;OpenLong;81943.0;81886.5;2;0;0;81830.0;0;0;21.030294254575;996.20719397587;2;1;0;
31.07.2025 17:23:00;SiBD;SiU5;Продажа;2;81619.0;-242.0;SiBD_B1753957455;1839507791;1892950837933362521;CloseLong;81943.0;81886.5;0;0;0;81619.0;0;0;21.028413294911;1547.9580813174;0;-1;0;
31.07.2025 17:23:00;SiBD;SiU5;Продажа;3;81619.0;0;SiBD_S1753971780;1839507792;1892950837933362540;OpenShortGlob;81619.0;81619.0;-3;0;0;81619.0;0;0;21.028413294911;1547.9580813174;3;-1;0;
31.07.2025 18:15:04;SiBD;SiU5;Продажа;1;81932.0;0;SiBD_S1753971780;1839510917;1892950837933845178;OpenShort;81619.0;81697.25;-4;0;0;81931.0;0;0;21.742201217206;1535.744662152;4;2;0;
31.07.2025 23:49:09;SiBD;SiU5;Покупка;4;81937.0;-959.0;SiBD_S1753971780;1839530954;1892950842223760258;CloseShort;81619.0;81697.25;0;0;0;81936.0;0;0;17.421986154699;107.87060489662;0;-1;1;
31.07.2025 23:49:10;SiBD;SiU5;Покупка;4;81939.0;0;SiBD_B1753994949;1839530964;1892950842223760425;OpenLongGlob;81939.0;81939.0;4;0;0;81936.0;0;0;17.421986154699;107.87060489662;4;-1;1;
01.08.2025 14:19:06;SiBD;SiU5;Продажа;4;81598.0;-1364.0;SiBD_B1753994949;1839583143;1892950842225395591;CloseLong;81939.0;81939.0;0;0;0;81599.0;0;0;17.986678098836;877.37764853432;0;-1;0;
01.08.2025 14:19:06;SiBD;SiU5;Продажа;5;81598.0;0;SiBD_S1754047146;1839583150;1892950842225395971;OpenShortGlob;81598.0;81598.0;-5;0;0;81599.0;0;0;17.986678098836;877.37764853432;5;-1;0;
01.08.2025 17:22:22;SiBD;SiU5;Покупка;1;81345.0;253.0;SiBD_S1754047146;1839594145;1892950842226666357;CloseShortProfit;81598.0;81598.0;-4;0;0;81345.0;0;0;17.37076245325;804.76767465877;4;-3;0;
04.08.2025 12:33:37;SiBD;SiU5;Покупка;1;81040.0;811.0;SiBD_S1754047146;1839836017;1892950846520086430;CloseShortProfit;81598.0;81598.0;-3;0;0;81040.0;0;0;15.518389361256;889.36635330368;3;-3;0;
05.08.2025 10:15:09;SiBD;SiU5;Продажа;1;81553.0;811.0;SiBD_S1754047146;1839914110;1892950850813987139;OpenShort;81598.0;81586.75;-4;0;0;81553.0;0;0;12.565404239479;756.82809664321;4;2;0;
05.08.2025 10:22:30;SiBD;SiU5;Покупка;1;81355.0;1042.75;SiBD_S1754047146;1839914551;1892950850814151326;CloseShortProfit;81598.0;81586.75;-3;0;0;81355.0;0;0;12.956954104182;1144.0013825521;3;-3;0;
06.08.2025 20:05:38;SiBD;SiU5;Покупка;1;80768.0;1861.5;SiBD_S1754047146;1840035939;1892950859403533510;CloseShortProfit;81598.0;81586.75;-2;0;0;80768.0;0;0;11.321278854747;723.43284900686;2;-3;0;
06.08.2025 22:24:02;SiBD;SiU5;Покупка;1;80446.0;3002.25;SiBD_S1754047146;1840044244;1892950859404501978;CloseShortProfit;81598.0;81586.75;-1;0;0;80446.0;0;0;14.10977341197;1003.7394533223;1;-3;1;
06.08.2025 22:31:53;SiBD;SiU5;Покупка;1;80308.0;4281.0;SiBD_S1754047146;1840044715;1892950859404655009;CloseShortProfit;81598.0;81586.75;0;0;0;80312.0;0;0;14.504572896678;1181.4676738362;0;-3;1;
07.08.2025 18:25:00;SiBD;SiU5;Продажа;1;80811.0;0;SiBD_S1754580299;1840116300;1892950859408257699;OpenShort;80811.0;80811.0;-1;0;0;80811.0;0;0;14.321829957784;636.61520981203;1;2;0;
07.08.2025 19:10:03;SiBD;SiU5;Покупка;1;80567.0;244.0;SiBD_S1754580299;1840118833;1892950863698220388;CloseShortProfit;80811.0;80811.0;0;0;0;80606.0;0;0;14.466126935538;867.25152988666;0;-3;0;
07.08.2025 19:10:03;SiBD;SiU5;Продажа;1754583003;80716.0;0;SiBD_H1754583003;0;0;TradeHand;80716.0;80716.0;-1;0;0;80606.0;0;0;14.466126935538;867.25152988666;1;-3;0;
07.08.2025 19:10:51;SiBD;SiU5;Покупка;1;80724.0;-8.0;SiBD_H1754583003;0;0;TradeHand;80716.0;80716.0;0;0;0;80606.0;0;0;14.589168204616;871.15543764874;0;0;0;
07.08.2025 19:23:15;SiBD;SiU5;Продажа;1;80767.0;0;SiBD_S1754583791;1840119797;1892950863698291770;OpenShort;80767.0;80767.0;-1;0;0;80767.0;0;0;14.490237238176;770.90417266852;1;2;0;
07.08.2025 23:17:44;SiBD;SiU5;Покупка;1;80569.0;198.0;SiBD_S1754583791;1840133870;1892950863698652669;CloseShortProfit;80767.0;80767.0;0;0;0;80570.0;0;0;12.107284389207;81.218927662655;0;-3;1;
08.08.2025 10:08:23;SiBD;SiU5;Продажа;1;80769.0;0;SiBD_S1754636894;1840172895;1892950863699036090;OpenShort;80769.0;80769.0;-1;0;0;80769.0;0;0;12.250990062797;389.41061892807;1;2;0;
08.08.2025 12:46:09;SiBD;SiU5;Покупка;1;81051.0;-282.0;SiBD_S1754636894;1840182363;1892950863700118217;CloseShort;80769.0;80769.0;0;0;0;81050.0;0;0;13.196857017027;1851.5933783146;0;-1;0;
08.08.2025 12:46:29;SiBD;SiU5;Покупка;2;81052.0;0;SiBD_B1754646369;1840182394;1892950863700119195;OpenLongGlob;81052.0;81052.0;2;0;0;81050.0;0;0;13.196857017027;1851.5933783146;2;-1;0;
08.08.2025 13:00:10;SiBD;SiU5;Продажа;1;81244.0;192.0;SiBD_B1754646369;1840183216;1892950863700207408;CloseLongProfit;81052.0;81052.0;1;0;0;81239.0;0;0;13.21169589573;2217.1568628556;1;-3;0;
08.08.2025 13:10:51;SiBD;SiU5;Продажа;1;81513.0;653.0;SiBD_B1754646369;1840183857;1892950863700329631;CloseLongProfit;81052.0;81052.0;0;0;0;81513.0;0;0;13.375469743607;2769.8723059005;0;-3;0;
08.08.2025 17:31:20;SiBD;SiU5;Покупка;1;81224.0;0;SiBD_B1754663469;1840199477;1892950863702268404;OpenLong;81224.0;81224.0;1;0;0;81224.0;0;0;15.080830237638;1148.0552936908;1;1;0;
11.08.2025 09:05:18;SiBD;SiU5;Покупка;1;80910.0;0;SiBD_B1754663469;1840428315;1892950867993707593;OpenLong;81224.0;81067.0;2;0;0;80910.0;0;0;13.753904310605;390.83334219698;2;1;0;
11.08.2025 09:06:00;SiBD;SiU5;Продажа;2;80909.0;-316.0;SiBD_B1754663469;1840428362;1892950867993717629;CloseLong;81224.0;81067.0;0;0;0;80911.0;0;0;13.815758279437;438.48611982703;0;-1;0;
11.08.2025 09:06:03;SiBD;SiU5;Продажа;3;80909.0;0;SiBD_S1754892360;1840428363;1892950867993717659;OpenShortGlob;80909.0;80909.0;-3;0;0;80911.0;0;0;13.815758279437;438.48611982703;3;-1;0;
11.08.2025 09:10:45;SiBD;SiU5;Покупка;1;80700.0;209.0;SiBD_S1754892360;1840428648;1892950867993768060;CloseShortProfit;80909.0;80909.0;-2;0;0;80700.0;0;0;13.91140892489;521.42519656122;2;-3;0;
11.08.2025 10:09:03;SiBD;SiU5;Продажа;1;81059.0;209.0;SiBD_S1754892360;1840432130;1892950867994168605;OpenShort;80909.0;80959.0;-3;0;0;81059.0;0;0;14.893394689243;666.64602721928;3;2;0;
11.08.2025 10:24:15;SiBD;SiU5;Покупка;1;80833.0;335.0;SiBD_S1754892360;1840433061;1892950867994390555;CloseShortProfit;80909.0;80959.0;-2;0;0;80833.0;0;0;15.271459540085;910.80046148699;2;-3;0;
11.08.2025 11:51:07;SiBD;SiU5;Продажа;1;81049.0;335.0;SiBD_S1754892360;1840438273;1892950867995208501;OpenShort;80909.0;80989.0;-3;0;0;81049.0;0;0;16.031432627928;1267.0689009516;3;2;0;
11.08.2025 13:18:02;SiBD;SiU5;Покупка;3;81267.0;-499.0;SiBD_S1754892360;1840443489;1892950867995797848;CloseShort;80909.0;80989.0;0;0;0;81266.0;0;0;16.031490248355;1491.4396271683;0;-1;0;
11.08.2025 13:18:02;SiBD;SiU5;Покупка;3;81267.0;0;SiBD_B1754907482;1840443491;1892950867995797913;OpenLongGlob;81267.0;81267.0;3;0;0;81266.0;0;0;16.031490248355;1491.4396271683;3;-1;0;
11.08.2025 18:14:30;SiBD;SiU5;Покупка;1;80961.0;0;SiBD_B1754907482;1840461279;1892950867996769173;OpenLong;81267.0;81190.5;4;0;0;80962.0;0;0;14.239495097912;618.08218199261;4;1;0;
11.08.2025 18:19:21;SiBD;SiU5;Продажа;4;80932.0;-1034.0;SiBD_B1754907482;1840461574;1892950867996791648;CloseLong;81267.0;81190.5;0;0;0;80939.0;0;0;14.253240136425;629.55073003145;0;-1;0;
11.08.2025 18:19:23;SiBD;SiU5;Продажа;5;80932.0;0;SiBD_S1754925561;1840461575;1892950867996791678;OpenShortGlob;80932.0;80932.0;-5;0;0;80939.0;0;0;14.253240136425;629.55073003145;5;-1;0;
12.08.2025 14:57:02;SiBD;SiU5;Покупка;1;80741.0;191.0;SiBD_S1754925561;1840535823;1892950872290242392;CloseShortProfit;80932.0;80932.0;-4;0;0;80741.0;0;0;13.052053680809;1077.9293094234;4;-3;0;
12.08.2025 18:45:01;SiBD;SiU5;Покупка;1;80432.0;691.0;SiBD_S1754925561;1840549503;1892950872290882475;CloseShortProfit;80932.0;80932.0;-3;0;0;80436.0;0;0;11.680710377127;699.11597763845;3;-3;0;
13.08.2025 22:06:20;SiBD;SiU5;Продажа;1;81071.0;691.0;SiBD_S1754925561;1840647970;1892950880878206487;OpenShort;80932.0;80966.75;-4;0;0;81071.0;0;0;10;67.98429522263;4;2;1;
14.08.2025 11:26:00;SiBD;SiU5;Покупка;4;81281.0;-566.0;SiBD_S1754925561;1840695961;1892950880879002025;CloseShort;80932.0;80966.75;0;0;0;81283.0;0;0;10;1909.6978129154;0;-1;0;
14.08.2025 11:26:00;SiBD;SiU5;Покупка;5;81281.0;0;SiBD_B1755159960;1840695962;1892950880879002049;OpenLongGlob;81281.0;81281.0;5;0;0;81283.0;0;0;10;1909.6978129154;5;-1;0;
14.08.2025 13:36:32;SiBD;SiU5;Покупка;1;80929.0;0;SiBD_B1755159960;1840703795;1892950880879643745;OpenLong;81281.0;81222.333333333;6;0;0;80944.0;0;0;10;849.59455352473;6;1;0;
14.08.2025 13:37:00;SiBD;SiU5;Продажа;6;80939.0;-1700.0;SiBD_B1755159960;1840703824;1892950880879650569;CloseLong;81281.0;81222.333333333;0;0;0;80940.0;0;0;10;918.58464429932;0;-1;0;
14.08.2025 13:37:01;SiBD;SiU5;Продажа;6;80939.0;0;SiBD_S1755167820;1840703825;1892950880879650663;OpenShortGlob;80939.0;80939.0;-6;0;0;80940.0;0;0;10;918.58464429932;6;-1;0;
14.08.2025 19:05:17;SiBD;SiU5;Продажа;1;81373.0;0;SiBD_S1755167820;1840723522;1892950885173046654;OpenShort;80939.0;81001.0;-7;0;0;81300.0;0;0;10;502.48122803423;7;2;0;
14.08.2025 19:06:20;SiBD;SiU5;Покупка;7;81388.0;-2709.0;SiBD_S1755167820;1840723589;1892950885173074647;CloseShort;80939.0;81001.0;0;0;0;81302.0;0;0;10.603205208687;850.373207567;0;-1;0;
14.08.2025 19:06:21;SiBD;SiU5;Покупка;8;81388.0;0;SiBD_B1755187580;1840723590;1892950885173074718;OpenLongGlob;81388.0;81388.0;8;0;0;81302.0;0;0;10.603205208687;850.373207567;8;-1;0;
14.08.2025 19:08:05;SiBD;SiU5;Продажа;1;81661.0;273.0;SiBD_B1755187580;1840723696;1892950885173114604;CloseLongProfit;81388.0;81388.0;7;0;0;81650.0;0;0;11.000282136826;1100.732815428;7;-3;0;
14.08.2025 19:45:33;SiBD;SiU5;Покупка;1;81158.0;273.0;SiBD_B1755187580;1840725937;1892950885173358628;OpenLong;81388.0;81359.25;8;0;0;81158.0;0;0;12.135547765012;1755.8117945932;8;1;0;
14.08.2025 20:03:56;SiBD;SiU5;Продажа;1;81311.0;224.75;SiBD_B1755187580;1840727051;1892950885173401576;CloseLongProfit;81388.0;81359.25;7;0;0;81328.0;0;0;12.349845635606;1390.8398247984;7;-3;0;
15.08.2025 10:02:26;SiBD;SiU5;Покупка;1;81144.0;224.75;SiBD_B1755187580;1840777349;1892950885173921606;OpenLong;81388.0;81332.34375;8;0;0;81154.0;0;0;12.283974617188;468.56439648514;8;1;0;
15.08.2025 10:28:57;SiBD;SiU5;Продажа;1;81320.0;212.40625;SiBD_B1755187580;1840778940;1892950885174123651;CloseLongProfit;81388.0;81332.34375;7;0;0;81320.0;0;0;12.532925516863;817.59395361731;7;-3;0;
15.08.2025 11:00:49;SiBD;SiU5;Покупка;1;81156.0;212.40625;SiBD_B1755187580;1840780854;1892950885174354341;OpenLong;81388.0;81310.30078125;8;0;0;81160.0;0;0;12.939715485046;1675.5952870798;8;1;0;
18.08.2025 09:00:17;SiBD;SiU5;Продажа;1;81376.0;278.10546875;SiBD_B1755187580;1841032815;1892950889468377125;CloseLongProfit;81388.0;81310.30078125;7;0;0;81376.0;0;0;10;97.620555555556;7;-3;0;
18.08.2025 10:19:15;SiBD;SiU5;Продажа;1;81502.0;469.8046875;SiBD_B1755187580;1841037559;1892950889468714912;CloseLongProfit;81388.0;81310.30078125;6;0;0;81518.0;0;0;10.230029515049;464.75857172273;6;-3;0;
19.08.2025 17:03:15;SiBD;SiU5;Покупка;1;81347.0;469.8046875;SiBD_B1755187580;1841148195;1892950893765437422;OpenLong;81388.0;81315.543526786;7;0;0;81347.0;0;0;10.272630186741;965.17298403296;7;1;0;
19.08.2025 19:06:45;SiBD;SiU5;Продажа;1;81491.0;645.26116071429;SiBD_B1755187580;1841155607;1892950898057955715;CloseLongProfit;81388.0;81315.543526786;6;0;0;81491.0;0;0;10.060719599911;515.75213920977;6;-3;0;
20.08.2025 10:45:07;SiBD;SiU5;Покупка;1;81291.0;645.26116071429;SiBD_B1755187580;1841211909;1892950898058407885;OpenLong;81388.0;81312.037308673;7;0;0;81310.0;0;0;10;519.31430213307;7;1;0;
20.08.2025 10:48:14;SiBD;SiU5;Продажа;7;81080.0;-979.00000000004;SiBD_B1755187580;1841212084;1892950898058489556;CloseLong;81388.0;81312.037308673;0;0;0;81086.0;0;0;10;1033.1822826749;0;-1;0;
20.08.2025 10:48:15;SiBD;SiU5;Продажа;8;81081.0;0;SiBD_S1755676094;1841212099;1892950898058495876;OpenShortGlob;81081.0;81081.0;-8;0;0;81086.0;0;0;10;1033.1822826749;8;-1;0;
21.08.2025 09:41:11;SiBD;SiU5;Продажа;1;81386.0;0;SiBD_S1755676094;1841294466;1892950902353222788;OpenShort;81081.0;81114.888888889;-9;0;0;81386.0;0;0;10;174.30247328098;9;2;0;
21.08.2025 10:52:02;SiBD;SiU5;Покупка;1;81246.0;-131.11111111111;SiBD_S1755676094;1841298726;1892950902353610405;CloseShortProfit;81081.0;81114.888888889;-8;0;0;81250.0;0;0;10;648.09792518813;8;-3;0;
21.08.2025 12:39:03;SiBD;SiU5;Покупка;8;81475.0;-3012.0;SiBD_S1755676094;1841305145;1892950902354023343;CloseShort;81081.0;81114.888888889;0;0;0;81474.0;0;0;10;862.79555708382;0;-1;0;
21.08.2025 12:39:04;SiBD;SiU5;Покупка;10;81475.0;0;SiBD_B1755769143;1841305149;1892950902354023897;OpenLongGlob;81475.0;81475.0;10;0;0;81474.0;0;0;10;862.79555708382;10;-1;0;
21.08.2025 18:07:07;SiBD;SiU5;Продажа;1;81613.0;138.0;SiBD_B1755769143;1841324834;1892950902355328218;CloseLongProfit;81475.0;81475.0;9;0;0;81613.0;0;0;10;1077.797887108;9;-3;0;
22.08.2025 14:12:10;SiBD;SiU5;Продажа;1;81937.0;600.0;SiBD_B1755769143;1841397131;1892950906649489524;CloseLongProfit;81475.0;81475.0;8;0;0;81936.0;0;0;10;1055.0197910658;8;-3;0;
25.08.2025 14:07:26;SiBD;SiU5;Покупка;1;81475.0;600.0;SiBD_B1755769143;1841656044;1892950910944575224;OpenLong;81475.0;81475.0;9;0;0;81475.0;0;0;10;2433.630383995;9;1;0;
25.08.2025 15:11:48;SiBD;SiU5;Продажа;1;81613.0;738.0;SiBD_B1755769143;1841659910;1892950910945117721;CloseLongProfit;81475.0;81475.0;8;0;0;81613.0;0;0;10;2290.0106439723;8;-3;0;
25.08.2025 15:37:20;SiBD;SiU5;Покупка;1;81478.0;738.0;SiBD_B1755769143;1841661437;1892950910945307777;OpenLong;81475.0;81475.333333333;9;0;0;81478.0;0;0;10.091618180152;2303.1539903764;9;1;0;
25.08.2025 16:23:01;SiBD;SiU5;Продажа;9;81256.0;-1236.0;SiBD_B1755769143;1841664184;1892950910945779536;CloseLong;81475.0;81475.333333333;0;0;0;81259.0;0;0;10.280723938213;2571.628469669;0;-1;0;
25.08.2025 16:23:03;SiBD;SiU5;Продажа;10;81259.0;0;SiBD_S1756128181;1841664186;1892950910945779721;OpenShortGlob;81259.0;81259.0;-10;0;0;81259.0;0;0;10.280723938213;2571.628469669;10;-1;0;
25.08.2025 17:01:01;SiBD;SiU5;Покупка;1;81114.0;145.0;SiBD_S1756128181;1841666467;1892950910946073596;CloseShortProfit;81259.0;81259.0;-9;0;0;81122.0;0;0;10.767451496995;2242.6117489887;9;-3;0;
25.08.2025 17:31:25;SiBD;SiU5;Покупка;1;80816.0;588.0;SiBD_S1756128181;1841668292;1892950910946374045;CloseShortProfit;81259.0;81259.0;-8;0;0;80819.0;0;0;10.87633716239;3027.5753476693;8;-3;0;
27.08.2025 16:47:05;SiBD;SiU5;Продажа;1;81410.0;588.0;SiBD_S1756128181;1841838427;1892950919534803677;OpenShort;81259.0;81275.777777778;-9;0;0;81410.0;0;0;10;767.23420304617;9;2;0;
27.08.2025 17:18:07;SiBD;SiU5;Покупка;9;81534.0;-1736.0;SiBD_S1756128181;1841840285;1892950919535127444;CloseShort;81259.0;81275.777777778;0;0;0;81533.0;0;0;10;1162.6980873526;0;-1;0;
27.08.2025 17:18:12;SiBD;SiU5;Покупка;10;81532.0;0;SiBD_B1756304287;1841840292;1892950919535129705;OpenLongGlob;81532.0;81532.0;10;0;0;81533.0;0;0;10;1162.6980873526;10;-1;0;
28.08.2025 10:07:20;SiBD;SiU5;Продажа;10;81188.0;-3440.0;SiBD_B1756304287;1841900843;1892950923828143401;CloseLong;81532.0;81532.0;0;0;0;81209.0;0;0;10;359.22968788492;0;-1;0;
28.08.2025 10:07:20;SiBD;SiU5;Продажа;10;81186.2;0;SiBD_S1756364840;1841900844;1892950923828143407;OpenShortGlob;81186.2;81186.2;-10;0;0;81209.0;0;0;10;359.22968788492;10;-1;0;
01.09.2025 22:45:31;SiBD;SiU5;Покупка;1;80693.0;493.2;SiBD_S1756364840;1842291934;1892950936712821494;CloseShortProfit;81186.2;81186.2;-9;0;0;80668.0;0;0;10;101.5834786618;9;-3;1;
03.09.2025 10:24:35;SiBD;SiU5;Продажа;1;81208.0;493.2;SiBD_S1756364840;1842420268;1892950941008197727;OpenShort;81186.2;81188.38;-10;0;0;81208.0;0;0;10;514.90086346768;10;2;0;
03.09.2025 12:45:20;SiBD;SiU5;Покупка;10;81437.4;-1997.0;SiBD_S1756364840;1842428724;1892950941009007959;CloseShort;81186.2;81188.38;0;0;0;81427.0;0;0;10;1544.4995283189;0;-1;0;
03.09.2025 12:45:25;SiBD;SiU5;Покупка;10;81437.0;0;SiBD_B1756892720;1842428725;1892950941009007999;OpenLongGlob;81437.0;81437.0;10;0;0;81427.0;0;0;10;1544.4995283189;10;-1;0;
08.09.2025 09:07:27;SiBD;SiU5;Продажа;1;82149.0;712.0;SiBD_B1756892720;1842847648;1892950953892812841;CloseLongProfit;81437.0;81437.0;9;0;0;82147.0;0;0;10;219.49824132373;9;-3;0;
08.09.2025 10:07:02;SiBD;SiU5;Продажа;1;82451.0;1726.0;SiBD_B1756892720;1842851224;1892950953893061405;CloseLongProfit;81437.0;81437.0;8;0;0;82445.0;0;0;10;571.90298982197;8;-3;0;
08.09.2025 16:22:13;SiBD;SiU5;Продажа;1;82747.0;3036.0;SiBD_B1756892720;1842873735;1892950953894394856;CloseLongProfit;81437.0;81437.0;7;0;0;82741.0;0;0;10;1377.4428671606;7;-3;0;
08.09.2025 18:09:48;SiBD;SiU5;Продажа;1;83049.0;4648.0;SiBD_B1756892720;1842880192;1892950953894974142;CloseLongProfit;81437.0;81437.0;6;0;0;83045.0;0;0;10;1399.8954668431;6;-3;0;
09.09.2025 09:01:30;SiBD;SiU5;Продажа;1;83347.0;6558.0;SiBD_B1756892720;1842933690;1892950958187878508;CloseLongProfit;81437.0;81437.0;5;0;0;83342.0;0;0;10;154.14652622311;5;-3;0;
09.09.2025 10:23:02;SiBD;SiU5;Продажа;1;83647.0;8768.0;SiBD_B1756892720;1842938584;1892950958188319071;CloseLongProfit;81437.0;81437.0;4;0;0;83643.0;0;0;10;921.59617695751;4;-3;0;
09.09.2025 14:18:26;SiBD;SiU5;Продажа;1;83944.0;11275.0;SiBD_B1756892720;1842952709;1892950958189751099;CloseLongProfit;81437.0;81437.0;3;0;0;83944.0;0;0;11.171381492097;1170.2862380558;3;-3;0;
09.09.2025 15:26:21;SiBD;SiU5;Продажа;1;84249.0;14087.0;SiBD_B1756892720;1842956785;1892950958190146464;CloseLongProfit;81437.0;81437.0;2;0;0;84248.0;0;0;11.522732008374;1234.2087557725;2;-3;0;
10.09.2025 09:41:52;SiBD;SiU5;Продажа;1;84548.0;17198.0;SiBD_B1756892720;1843022512;1892950962483182827;CloseLongProfit;81437.0;81437.0;1;0;0;84548.0;0;0;11.752875988381;570.51361565647;1;-3;0;
10.09.2025 10:13:04;SiBD;SiU5;Продажа;1;84866.0;20627.0;SiBD_B1756892720;1843024384;1892950962483433505;CloseLongProfit;81437.0;81437.0;0;0;0;84850.0;0;0;12.238215566781;1160.8342182745;0;-3;0;
10.09.2025 15:21:16;SiBD;SiU5;Покупка;1;84827.0;0;SiBD_B1757506875;1843042878;1892950962486461631;OpenLong;84827.0;84827.0;1;0;0;84827.0;0;0;15.170629664847;2133.9180395481;1;1;0;
10.09.2025 16:50:45;SiBD;SiU5;Продажа;1;85036.0;209.0;SiBD_B1757506875;1843048249;1892950962487272639;CloseLongProfit;84827.0;84827.0;0;0;0;85036.0;0;0;15.701046591054;2319.3808151448;0;-3;0;
11.09.2025 11:07:20;SiBD;SiU5;Покупка;1;85145.0;0;SiBD_B1757578034;1843114037;1892950966779032953;OpenLong;85145.0;85145.0;1;0;0;85145.0;0;0;10;55.566666666667;1;1;0;
11.09.2025 11:08:20;SiBD;SiU5;Продажа;1;84992.0;-153.0;SiBD_B1757578034;1843114106;1892950966779056006;CloseLong;85145.0;85145.0;0;0;0;85107.0;0;0;10;109.40722222222;0;-1;0;
11.09.2025 11:08:41;SiBD;SiU5;Продажа;2;84998.0;0;SiBD_S1757578100;1843114129;1892950966779069578;OpenShortGlob;84998.0;84998.0;-2;0;0;85107.0;0;0;10;109.40722222222;2;-1;0;
11.09.2025 11:09:15;SiBD;SiU5;Покупка;1;84839.0;159.0;SiBD_S1757578100;1843114165;1892950966779090236;CloseShortProfit;84998.0;84998.0;-1;0;0;84848.0;0;0;10;277.33376851852;1;-3;0;
11.09.2025 11:26:25;SiBD;SiU5;Продажа;1;85276.0;159.0;SiBD_S1757578100;1843115196;1892950966779394673;OpenShort;84998.0;85137.0;-2;0;0;85276.0;0;0;10;1282.2256251709;2;2;0;
11.09.2025 11:32:11;SiBD;SiU5;Покупка;1;85137.0;159.0;SiBD_S1757578100;1843115543;1892950966779476703;CloseShortProfit;84998.0;85137.0;-1;0;0;85144.0;0;0;10;1350.8145926058;1;-3;0;
11.09.2025 11:36:58;SiBD;SiU5;Продажа;1;85250.0;159.0;SiBD_S1757578100;1843115828;1892950966779508179;OpenShort;84998.0;85193.5;-2;0;0;85250.0;0;0;10;1334.7010472741;2;2;0;
11.09.2025 12:46:20;SiBD;SiU5;Покупка;2;85443.0;-340.0;SiBD_S1757578100;1843119996;1892950966780130833;CloseShort;84998.0;85193.5;0;0;0;85431.0;0;0;10;1905.3722536783;0;-1;0;
11.09.2025 12:46:21;SiBD;SiU5;Покупка;3;85444.333333333;0;SiBD_B1757583980;1843119997;1892950966780130843;OpenLongGlob;85444.333333333;85444.333333333;3;0;0;85431.0;0;0;10;1905.3722536783;3;-1;0;
11.09.2025 14:05:47;SiBD;SiU5;Покупка;1;85094.0;0;SiBD_B1757583980;1843124764;1892950966780635512;OpenLong;85444.333333333;85356.75;4;0;0;85094.0;0;0;10;1705.0546713381;4;1;0;
11.09.2025 14:06:01;SiBD;SiU5;Продажа;4;85075.0;-1127.0;SiBD_B1757583980;1843124779;1892950966780638680;CloseLong;85444.333333333;85356.75;0;0;0;85075.0;0;0;10;1729.6370934825;0;-1;0;
11.09.2025 14:06:02;SiBD;SiU5;Продажа;4;85075.0;0;SiBD_S1757588761;1843124781;1892950966780638825;OpenShortGlob;85075.0;85075.0;-4;0;0;85075.0;0;0;10;1729.6370934825;4;-1;0;
11.09.2025 14:09:08;SiBD;SiU5;Покупка;1;84928.0;147.0;SiBD_S1757588761;1843124967;1892950966780666406;CloseShortProfit;85075.0;85075.0;-3;0;0;84928.0;0;0;10;1773.312780659;3;-3;0;
11.09.2025 14:52:07;SiBD;SiU5;Продажа;1;85224.0;147.0;SiBD_S1757588761;1843127549;1892950966781059633;OpenShort;85075.0;85112.25;-4;0;0;85213.0;0;0;10;1807.1458487739;4;2;0;
11.09.2025 15:40:17;SiBD;SiU5;Покупка;4;85247.0;-392.0;SiBD_S1757588761;0;0;TradeHand;85075.0;85112.25;0;0;0;85213.0;0;0;10;1668.5434770225;0;0;0;
11.09.2025 15:55:18;SiBD;SiU5;Продажа;1757595318;85329.0;0;SiBD_H1757595317;0;0;TradeHand;85329.0;85329.0;-4;0;0;85213.0;0;0;10;1668.5434770225;1;0;0;
11.09.2025 16:21:38;SiBD;SiU5;Покупка;4;85204.25;499.0;SiBD_H1757595317;1843132923;1892950966781531912;CloseShortProfit;85329.0;85329.0;0;0;0;85184.0;0;0;10;1650.3272636126;0;-3;0;
11.09.2025 16:30:18;SiBD;SiU5;Продажа;1;85249.0;0;SiBD_S1757597418;1843133444;1892950966781570059;OpenShort;85249.0;85249.0;-1;0;0;85249.0;0;0;10;1603.6226528956;1;2;0;
11.09.2025 17:00:09;SiBD;SiU5;Покупка;1;85086.0;163.0;SiBD_S1757597418;1843135235;1892950966781762248;CloseShortProfit;85249.0;85249.0;0;0;0;85086.0;0;0;10;1338.1712583622;0;-3;0;
11.09.2025 17:12:41;SiBD;SiU5;Продажа;1;85190.0;0;SiBD_S1757599948;1843135976;1892950966781833105;OpenShort;85190.0;85190.0;-1;0;0;85190.0;0;0;10;1218.3624403763;1;2;0;
11.09.2025 17:39:18;SiBD;SiU5;Покупка;1;85451.0;-261.0;SiBD_S1757599948;1843137569;1892950966782015643;CloseShort;85190.0;85190.0;0;0;0;85450.0;0;0;10;1438.9109054284;0;-1;0;
11.09.2025 17:39:18;SiBD;SiU5;Покупка;4;85450.0;0;SiBD_B1757601558;1843137588;1892950966782022469;OpenLongGlob;85450.0;85450.0;4;0;0;85450.0;0;0;10;1438.9109054284;4;-1;0;
11.09.2025 18:16:39;SiBD;SiU5;Продажа;1;85594.0;144.0;SiBD_B1757601558;1843139830;1892950966782321328;CloseLongProfit;85450.0;85450.0;3;0;0;85594.0;0;0;10;1395.1300665241;3;-3;0;
11.09.2025 19:05:30;SiBD;SiU5;Покупка;1;85317.0;144.0;SiBD_B1757601558;1843142761;1892950971072394842;OpenLong;85450.0;85416.75;4;0;0;85317.0;0;0;10.095556945894;1255.0566028852;4;1;0;
11.09.2025 19:06:10;SiBD;SiU5;Продажа;1;85491.0;218.25;SiBD_B1757601558;1843142802;1892950971072401064;CloseLongProfit;85450.0;85416.75;3;0;0;85491.0;0;0;10.094152385707;1332.9056595038;3;-3;0;
12.09.2025 10:01:05;SiBD;SiU5;Покупка;1;85211.0;218.25;SiBD_B1757601558;1843196462;1892950971073072638;OpenLong;85450.0;85365.3125;4;0;0;85250.0;0;0;10.541540503239;504.15147772245;4;1;0;
12.09.2025 10:02:01;SiBD;SiU5;Продажа;4;85109.0;-807.0;SiBD_B1757601558;1843196522;1892950971073120896;CloseLong;85450.0;85365.3125;0;0;0;85113.0;0;0;10.944958876605;826.62702609773;0;-1;0;
12.09.2025 10:02:02;SiBD;SiU5;Продажа;5;85112.0;0;SiBD_S1757660521;1843196524;1892950971073121290;OpenShortGlob;85112.0;85112.0;-5;0;0;85113.0;0;0;10.944958876605;826.62702609773;5;-1;0;
12.09.2025 11:08:09;SiBD;SiU5;Покупка;1;84942.0;170.0;SiBD_S1757660521;1843200492;1892950971073742824;CloseShortProfit;85112.0;85112.0;-4;0;0;84942.0;0;0;11.879707494101;1538.3004690404;4;-3;0;
12.09.2025 13:38:56;SiBD;SiU5;Покупка;2;84576.0;1242.0;SiBD_S1757660521;0;0;TradeHand;85112.0;85112.0;-2;0;0;84601.0;0;0;13.439302698342;2909.6642262353;4;-3;0;
12.09.2025 13:39:36;SiBD;SiU5;Покупка;1;84550.0;1804.0;SiBD_S1757660521;0;0;TradeHand;85112.0;85112.0;-1;0;0;84576.0;0;0;13.434893335909;3185.1698224647;4;-3;0;
12.09.2025 13:40:16;SiBD;SiU5;Покупка;4;84422.0;4564.0;SiBD_S1757660521;0;0;TradeHand;85112.0;85112.0;3;0;0;84550.0;0;0;13.556130652145;3374.6003254236;4;-3;0;
12.09.2025 13:40:36;SiBD;SiU5;Покупка;1;84482.0;4564.0;SiBD_S1757660521;0;0;TradeHand;85112.0;84954.5;4;0;0;84422.0;0;0;13.556130652145;3374.6003254236;4;1;0;
12.09.2025 13:41:56;SiBD;SiU5;Продажа;9;84655.0;1868.5;SiBD_S1757660521;0;0;TradeHand;85112.0;84954.5;-5;0;0;84663.0;0;0;13.552853561565;3542.1903199999;4;-3;0;
12.09.2025 13:42:36;SiBD;SiU5;Продажа;1;84741.0;1868.5;SiBD_S1757660521;0;0;TradeHand;85112.0;84918.916666667;-6;0;0;84655.0;0;0;13.767529390332;3687.9371479999;4;-3;0;
12.09.2025 13:42:44;SiBD;SiU5;Покупка;1;84766.0;2021.4166666667;SiBD_S1757660521;0;0;TradeHand;85112.0;84918.916666667;-5;0;0;84655.0;0;0;13.862699224447;3750.0881955333;4;0;0;
12.09.2025 13:45:02;SiBD;SiU5;Покупка;1;84644.0;2296.3333333333;SiBD_S1757660521;1843209815;1892950971075222607;CloseShortProfit;85112.0;84918.916666667;-4;0;0;84644.0;0;0;13.862699224447;3750.0881955333;3;-3;0;
12.09.2025 13:45:02;SiBD;SiU5;Покупка;1;84534.0;2681.25;SiBD_S1757660521;0;0;TradeHand;85112.0;84918.916666667;-3;0;0;84644.0;0;0;13.862699224447;3750.0881955333;3;-3;0;
12.09.2025 13:48:29;SiBD;SiU5;Покупка;2;84470.0;3579.0833333334;SiBD_S1757660521;0;0;TradeHand;85112.0;84918.916666667;-1;0;0;84644.0;0;0;13.97332833166;3760.7565058731;3;0;0;
12.09.2025 13:51:03;SiBD;SiU5;Покупка;1;84361.0;4137.0;SiBD_S1757660521;1843210284;1892950971075395803;CloseShortProfit;85112.0;84918.916666667;0;0;0;84364.0;0;0;14.318963707223;3929.230839906;0;-3;0;
15.09.2025 15:29:28;SiBD;SiU5;Продажа;1;83137.0;0;SiBD_S1757939361;1843475362;1892950975372526694;OpenShort;83137.0;83137.0;-1;0;0;83137.0;0;0;17.944148888814;1490.2597675771;1;2;0;
15.09.2025 15:49:42;SiBD;SiU5;Покупка;1;82881.0;256.0;SiBD_S1757939361;1843476584;1892950975372842784;CloseShortProfit;83137.0;83137.0;0;0;0;82882.0;0;0;18.091772007717;1408.357683005;0;-3;0;
16.09.2025 10:15:37;SiBD;SiU5;Продажа;1;82876.0;0;SiBD_S1758006930;1843542931;1892950979663708088;OpenShort;82876.0;82876.0;-1;0;0;82876.0;0;0;15.689706273207;1213.6160908053;1;2;0;
16.09.2025 10:32:20;SiBD;SiU5;Покупка;1;83177.0;-301.0;SiBD_S1758006930;1843543944;1892950979664179115;CloseShort;82876.0;82876.0;0;0;0;83156.0;0;0;16.296040543755;2015.9899920933;0;-1;0;
16.09.2025 10:32:21;SiBD;SiU5;Покупка;3;83177.0;0;SiBD_B1758007940;1843543945;1892950979664179134;OpenLongGlob;83177.0;83177.0;3;0;0;83156.0;0;0;16.296040543755;2015.9899920933;3;-1;0;
16.09.2025 11:14:54;SiBD;SiU5;Покупка;1;82794.0;0;SiBD_B1758007940;1843546499;1892950979664876577;OpenLong;83177.0;83081.25;4;0;0;82797.0;0;0;17.051534821194;2623.0182192832;4;1;0;
16.09.2025 11:15:20;SiBD;SiU5;Продажа;4;82768.0;-1253.0;SiBD_B1758007940;1843546529;1892950979664884812;CloseLong;83177.0;83081.25;0;0;0;82797.0;0;0;17.061725161166;2625.4179156285;0;-1;0;
16.09.2025 11:15:40;SiBD;SiU5;Продажа;4;82777.0;0;SiBD_S1758010520;1843546552;1892950979664890901;OpenShortGlob;82777.0;82777.0;-4;0;0;82797.0;0;0;17.061725161166;2625.4179156285;4;-1;0;
16.09.2025 12:04:42;SiBD;SiU5;Покупка;1;82519.0;258.0;SiBD_S1758010520;1843549494;1892950979665382381;CloseShortProfit;82777.0;82777.0;-3;0;0;82519.0;0;0;17.125587533917;2630.3261887906;3;-3;0;
16.09.2025 13:12:22;SiBD;SiU5;Продажа;1;82965.0;258.0;SiBD_S1758010520;1843553560;1892950979666243480;OpenShort;82777.0;82824.0;-4;0;0;82962.0;0;0;17.438375805776;3811.075803965;4;2;0;
16.09.2025 15:39:20;SiBD;SiU5;Покупка;4;83130.0;-966.0;SiBD_S1758010520;1843562381;1892950979667620766;CloseShort;82777.0;82824.0;0;0;0;83114.0;0;0;17.454976234432;1595.7429503335;0;-1;0;
16.09.2025 15:39:23;SiBD;SiU5;Покупка;5;83129.0;0;SiBD_B1758026360;1843562382;1892950979667620772;OpenLongGlob;83129.0;83129.0;5;0;0;83114.0;0;0;17.454976234432;1595.7429503335;5;-1;0;
16.09.2025 16:52:13;SiBD;SiU5;Продажа;1;83371.0;242.0;SiBD_B1758026360;1843566756;1892950979668295404;CloseLongProfit;83129.0;83129.0;4;0;0;83364.0;0;0;17.328706295959;1775.3056522952;4;-3;0;
16.09.2025 18:45:35;SiBD;SiU5;Покупка;1;82978.0;242.0;SiBD_B1758026360;1843573558;1892950979669262541;OpenLong;83129.0;83098.8;5;0;0;82978.0;0;0;17.327609312965;851.66580112234;5;1;0;
17.09.2025 09:59:24;SiBD;SiZ5;Продажа;1;86309.0;359.2;SiBD_B1758026360;1843628365;1892950983957847018;CloseLongProfit;86222.0;86191.8;4;0;0;86309.0;0;0;12.61763657294;361.19084625253;4;-3;0;
17.09.2025 15:21:31;SiBD;SiZ5;Продажа;1;86651.0;818.39999999999;SiBD_B1758026360;1843647692;1892950983960209583;CloseLongProfit;86222.0;86191.8;3;0;0;86651.0;0;0;12.696503144266;962.51111356761;3;-3;0;
18.09.2025 09:06:58;SiBD;SiZ5;Продажа;1;87070.0;1696.6;SiBD_B1758026360;1843711617;1892950988252804340;CloseLongProfit;86222.0;86191.8;2;0;0;87070.0;0;0;11.24734188253;357.63669940199;2;-3;0;
18.09.2025 11:39:08;SiBD;SiZ5;Покупка;1;86417.0;1696.6;SiBD_B1758026360;1843720749;1892950988253824802;OpenLong;86222.0;86266.866666667;3;0;0;86417.0;0;0;12.462950092914;1671.905430708;3;1;0;
18.09.2025 12:34:28;SiBD;SiZ5;Продажа;1;86587.0;2016.7333333333;SiBD_B1758026360;1843724071;1892950988254413003;CloseLongProfit;86222.0;86266.866666667;2;0;0;86587.0;0;0;13.00000232744;1757.7670687921;2;-3;0;
18.09.2025 13:34:59;SiBD;SiZ5;Покупка;1;86331.0;2016.7333333333;SiBD_B1758026360;1843727702;1892950988254956636;OpenLong;86222.0;86288.244444444;3;0;0;86331.0;0;0;13.267174387179;1603.678737496;3;1;0;
18.09.2025 13:52:20;SiBD;SiZ5;Продажа;3;86192.0;1728.0;SiBD_B1758026360;1843728747;1892950988255144328;CloseLong;86222.0;86288.244444444;0;0;0;86206.0;0;0;13.399267295063;1774.1665598225;0;-1;0;
18.09.2025 13:52:20;SiBD;SiZ5;Продажа;3;86192.0;0;SiBD_S1758192740;1843728748;1892950988255144334;OpenShortGlob;86192.0;86192.0;-3;0;0;86206.0;0;0;13.399267295063;1774.1665598225;3;-1;0;
18.09.2025 14:51:10;SiBD;SiZ5;Продажа;1;86500.0;0;SiBD_S1758192740;1843732278;1892950988255453548;OpenShort;86192.0;86269.0;-4;0;0;86500.0;0;0;13.473891648017;1268.4373519539;4;2;0;
18.09.2025 14:58:02;SiBD;SiZ5;Покупка;4;86539.0;-1080.0;SiBD_S1758192740;1843732692;1892950988255490863;CloseShort;86192.0;86269.0;0;0;0;86538.0;0;0;13.45940864278;1225.5913799179;0;-1;0;
18.09.2025 14:58:04;SiBD;SiZ5;Покупка;5;86539.0;0;SiBD_B1758196682;1843732693;1892950988255490880;OpenLongGlob;86539.0;86539.0;5;0;0;86538.0;0;0;13.45940864278;1225.5913799179;5;-1;0;
18.09.2025 16:51:34;SiBD;SiZ5;Продажа;1;86729.0;190.0;SiBD_B1758196682;1843739502;1892950988256058962;CloseLongProfit;86539.0;86539.0;4;0;0;86729.0;0;0;13.731109046286;874.06945083;4;-3;0;
19.09.2025 11:51:12;SiBD;SiZ5;Продажа;1;87025.0;676.0;SiBD_B1758196682;1843807872;1892950992548396094;CloseLongProfit;86539.0;86539.0;3;0;0;87025.0;0;0;13.922701701815;1240.9627331459;3;-3;0;
19.09.2025 13:29:22;SiBD;SiZ5;Продажа;1;87333.0;1470.0;SiBD_B1758196682;1843813764;1892950992549031070;CloseLongProfit;86539.0;86539.0;2;0;0;87333.0;0;0;14.49848482464;1796.8666389794;2;-3;0;
22.09.2025 13:22:57;SiBD;SiZ5;Покупка;1;86802.0;1470.0;SiBD_B1758196682;1844072577;1892950996843826799;OpenLong;86539.0;86626.666666667;3;0;0;86802.0;0;0;13.544882575457;1207.3766245753;3;1;0;
22.09.2025 17:47:01;SiBD;SiZ5;Продажа;3;86571.0;1303.0;SiBD_B1758196682;1844088422;1892950996844851860;CloseLong;86539.0;86626.666666667;0;0;0;86576.0;0;0;12.903661610435;888.37830861346;0;-1;0;
22.09.2025 17:47:01;SiBD;SiZ5;Продажа;3;86571.0;0;SiBD_S1758552421;1844088424;1892950996844852573;OpenShortGlob;86571.0;86571.0;-3;0;0;86576.0;0;0;12.903661610435;888.37830861346;3;-1;0;
23.09.2025 11:09:50;SiBD;SiZ5;Покупка;1;86392.0;179.0;SiBD_S1758552421;1844150991;1892951001138057225;CloseShortProfit;86571.0;86571.0;-2;0;0;86392.0;0;0;11.785278870703;842.20369916719;2;-3;0;
23.09.2025 13:06:21;SiBD;SiZ5;Продажа;1;86687.0;179.0;SiBD_S1758552421;1844157983;1892951001138767698;OpenShort;86571.0;86609.666666667;-3;0;0;86687.0;0;0;12.3286981558;1033.2417078586;3;2;0;
23.09.2025 13:27:20;SiBD;SiZ5;Покупка;3;86924.0;-763.99999999999;SiBD_S1758552421;1844159245;1892951001139007052;CloseShort;86571.0;86609.666666667;0;0;0;86909.0;0;0;12.673667967648;1369.2355584737;0;-1;0;
23.09.2025 13:27:20;SiBD;SiZ5;Покупка;4;86925.0;0;SiBD_B1758623240;1844159246;1892951001139007099;OpenLongGlob;86925.0;86925.0;4;0;0;86909.0;0;0;12.673667967648;1369.2355584737;4;-1;0;
23.09.2025 22:06:37;SiBD;SiZ5;Продажа;1;87109.0;184.0;SiBD_B1758623240;1844190404;1892951005432379151;CloseLongProfit;86925.0;86925.0;3;0;0;87099.0;0;0;11.763438801159;267.5056665346;3;-3;1;
24.09.2025 10:00:12;SiBD;SiZ5;Продажа;1;87426.0;685.0;SiBD_B1758623240;1844233212;1892951005433012767;CloseLongProfit;86925.0;86925.0;2;0;0;87426.0;0;0;13.278301627977;533.13012370009;2;-3;0;
24.09.2025 12:20:05;SiBD;SiZ5;Покупка;1;86796.0;685.0;SiBD_B1758623240;1844241605;1892951005434118691;OpenLong;86925.0;86882.0;3;0;0;86796.0;0;0;14.624906124188;1288.9794873767;3;1;0;
24.09.2025 13:38:21;SiBD;SiZ5;Продажа;3;86575.0;-236.0;SiBD_B1758623240;1844246305;1892951005434542368;CloseLong;86925.0;86882.0;0;0;0;86593.0;0;0;14.648121396069;1611.1261462375;0;-1;0;
24.09.2025 13:38:22;SiBD;SiZ5;Продажа;4;86575.0;0;SiBD_S1758710301;1844246307;1892951005434542406;OpenShortGlob;86575.0;86575.0;-4;0;0;86593.0;0;0;14.648121396069;1611.1261462375;4;-1;0;
24.09.2025 16:54:05;SiBD;SiZ5;Покупка;1;86370.0;205.0;SiBD_S1758710301;1844258052;1892951005435295193;CloseShortProfit;86575.0;86575.0;-3;0;0;86372.0;0;0;14.080438419262;1472.5785384377;3;-3;0;
25.09.2025 10:31:14;SiBD;SiZ5;Продажа;1;86697.0;205.0;SiBD_S1758710301;1844321472;1892951009727907218;OpenShort;86575.0;86605.5;-4;0;0;86697.0;0;0;12.746037393623;1000.3260030203;4;2;0;
25.09.2025 13:36:05;SiBD;SiZ5;Покупка;4;86925.0;-1073.0;SiBD_S1758710301;1844332562;1892951009728805135;CloseShort;86575.0;86605.5;0;0;0;86921.0;0;0;12.893951217272;1490.1076133708;0;-1;0;
25.09.2025 13:36:26;SiBD;SiZ5;Покупка;5;86942.6;0;SiBD_B1758796565;1844332590;1892951009728811062;OpenLongGlob;86942.6;86942.6;5;0;0;86921.0;0;0;12.893951217272;1490.1076133708;5;-1;0;
25.09.2025 17:51:44;SiBD;SiZ5;Продажа;1;87132.0;189.39999999999;SiBD_B1758796565;1844347910;1892951009729641643;CloseLongProfit;86942.6;86942.6;4;0;0;87124.0;0;0;12.235053017926;1030.8958105524;4;-3;0;
25.09.2025 19:12:39;SiBD;SiZ5;Покупка;1;86811.0;189.39999999999;SiBD_B1758796565;1844352764;1892951014022092435;OpenLong;86942.6;86916.28;5;0;0;86811.0;0;0;12.204460667567;1116.2630368678;5;1;0;
25.09.2025 20:02:20;SiBD;SiZ5;Продажа;5;86552.0;-1632.0;SiBD_B1758796565;1844355750;1892951014022270065;CloseLong;86942.6;86916.28;0;0;0;86566.0;0;0;12.572281553756;988.43518532547;0;-1;0;
25.09.2025 20:02:21;SiBD;SiZ5;Продажа;6;86551.666666667;0;SiBD_S1758819740;1844355751;1892951014022270077;OpenShortGlob;86551.666666667;86551.666666667;-6;0;0;86566.0;0;0;12.572281553756;988.43518532547;6;-1;0;
26.09.2025 12:49:20;SiBD;SiZ5;Покупка;1;86378.0;173.66666666667;SiBD_S1758819740;1844416160;1892951014023536514;CloseShortProfit;86551.666666667;86551.666666667;-5;0;0;86380.0;0;0;11.924186355432;2465.9013525945;5;-3;0;
26.09.2025 17:58:01;SiBD;SiZ5;Покупка;1;86079.0;646.33333333334;SiBD_S1758819740;1844434682;1892951014024895672;CloseShortProfit;86551.666666667;86551.666666667;-4;0;0;86079.0;0;0;12.753153048845;944.32747877356;4;-3;0;
29.09.2025 10:11:19;SiBD;SiZ5;Покупка;1;85765.0;1433.0;SiBD_S1758819740;1844665880;1892951018317733562;CloseShortProfit;86551.666666667;86551.666666667;-3;0;0;85780.0;0;0;13.277161849697;750.73053562812;3;-3;0;
29.09.2025 14:12:54;SiBD;SiZ5;Покупка;1;85482.0;2502.6666666667;SiBD_S1758819740;1844680378;1892951018318666424;CloseShortProfit;86551.666666667;86551.666666667;-2;0;0;85474.0;0;0;13.481103722579;1173.457398247;2;-3;0;
30.09.2025 11:49:36;SiBD;SiZ5;Покупка;1;85166.0;3888.3333333334;SiBD_S1758819740;1844758177;1892951022613065214;CloseShortProfit;86551.666666667;86551.666666667;-1;0;0;85170.0;0;0;12.540958167196;1938.0440980552;1;-3;0;
30.09.2025 11:55:26;SiBD;SiZ5;Покупка;1;85094.0;5346.0;SiBD_S1758819740;1844758528;1892951022613104132;CloseShortProfit;86551.666666667;86551.666666667;0;0;0;85094.0;0;0;12.572484778193;2055.0076711558;0;-3;0;
01.10.2025 13:39:37;SiBD;SiZ5;Продажа;1;83663.0;0;SiBD_S1759315171;1844851172;1892951026909577581;OpenShort;83663.0;83663.0;-1;0;0;83663.0;0;0;16.987058093363;2331.8610688892;1;2;0;
01.10.2025 16:30:16;SiBD;SiZ5;Покупка;1;83423.0;240.0;SiBD_S1759315171;1844861415;1892951026910691448;CloseShortProfit;83663.0;83663.0;0;0;0;83423.0;0;0;16.652735619017;1281.3397122977;0;-3;0;
02.10.2025 10:17:02;SiBD;SiZ5;Продажа;1;83277.0;0;SiBD_S1759389417;1844925418;1892951031203165453;OpenShort;83277.0;83277.0;-1;0;0;83277.0;0;0;18.74439053255;1787.5383794389;1;2;0;
02.10.2025 10:56:37;SiBD;SiZ5;Покупка;1;83044.0;233.0;SiBD_S1759389417;1844927801;1892951031203665495;CloseShortProfit;83277.0;83277.0;0;0;0;83009.0;0;0;19.077710645634;1841.4582478419;0;-3;0;
02.10.2025 13:30:09;SiBD;SiZ5;Продажа;1;83300.0;0;SiBD_S1759401008;1844937013;1892951031205002820;OpenShort;83300.0;83300.0;-1;0;0;83300.0;0;0;18.825022765928;2442.5578904488;1;2;0;
02.10.2025 14:23:49;SiBD;SiZ5;Покупка;1;83043.0;257.0;SiBD_S1759401008;1844940237;1892951031205336010;CloseShortProfit;83300.0;83300.0;0;0;0;83029.0;0;0;18.976376778952;1738.970352191;0;-3;0;
03.10.2025 09:00:36;SiBD;SiZ5;Продажа;1;82881.0;0;SiBD_S1759471221;1845007222;1892951035497780126;OpenShort;82881.0;82881.0;-1;0;0;82881.0;0;0;18.197955498113;217.82585886364;1;2;0;
03.10.2025 10:05:20;SiBD;SiZ5;Покупка;1;83201.0;-320.0;SiBD_S1759471221;1845011124;1892951035498093176;CloseShort;82881.0;82881.0;0;0;0;83136.0;0;0;18.786660663945;588.93872465362;0;-1;0;
03.10.2025 10:05:20;SiBD;SiZ5;Покупка;3;83204.666666667;0;SiBD_B1759475120;1845011125;1892951035498093277;OpenLongGlob;83204.666666667;83204.666666667;3;0;0;83136.0;0;0;18.786660663945;588.93872465362;3;-1;0;
03.10.2025 11:14:15;SiBD;SiZ5;Продажа;1;83471.0;266.33333333333;SiBD_B1759475120;1845015258;1892951035498700963;CloseLongProfit;83204.666666667;83204.666666667;2;0;0;83471.0;0;0;19.312874800096;1826.8229476094;2;-3;0;
03.10.2025 12:25:44;SiBD;SiZ5;Продажа;1;83765.0;826.66666666666;SiBD_B1759475120;1845019550;1892951035499271823;CloseLongProfit;83204.666666667;83204.666666667;1;0;0;83764.0;0;0;19.516783427563;3195.4531530245;1;-3;0;
03.10.2025 12:25:44;SiBD;SiZ5;Продажа;1;83765.0;1387.0;SiBD_B1759475120;1845019552;1892951035499271828;CloseLongProfit;83204.666666667;83204.666666667;0;0;0;83764.0;0;0;19.516783427563;3195.4531530245;0;-3;0;
03.10.2025 17:44:32;SiBD;SiZ5;Покупка;1;83885.0;0;SiBD_B1759502665;1845038674;1892951035501257228;OpenLong;83885.0;83885.0;1;0;0;83885.0;0;0;19.238819062998;1622.5217861289;1;1;0;
03.10.2025 18:31:01;SiBD;SiZ5;Продажа;1;84150.0;265.0;SiBD_B1759502665;1845041466;1892951035501553885;CloseLongProfit;83885.0;83885.0;0;0;0;84150.0;0;0;19.290480308879;1541.6266937856;0;-3;0;
06.10.2025 16:10:27;SiBD;SiZ5;Покупка;1;84450.0;0;SiBD_B1759756220;1845292221;1892951039794984163;OpenLong;84450.0;84450.0;1;0;0;84450.0;0;0;19.386302472327;1621.0448753754;1;1;0;
06.10.2025 16:19:42;SiBD;SiZ5;Продажа;1;84768.0;318.0;SiBD_B1759756220;1845292782;1892951039795098999;CloseLongProfit;84450.0;84450.0;0;0;0;84768.0;0;0;19.715496311881;1821.9316338581;0;-3;0;
06.10.2025 16:43:42;SiBD;SiZ5;Покупка;1;84459.0;0;SiBD_B1759758220;1845294223;1892951039795284874;OpenLong;84459.0;84459.0;1;0;0;84459.0;0;0;20.16773843766;1560.0324855725;1;1;0;
06.10.2025 18:37:13;SiBD;SiZ5;Продажа;1;84180.0;-279.0;SiBD_B1759758220;1845301024;1892951039795940182;CloseLong;84459.0;84459.0;0;0;0;84180.0;0;0;20.184219387813;1476.2552865876;0;-1;0;
06.10.2025 18:37:14;SiBD;SiZ5;Продажа;2;84159.0;0;SiBD_S1759765033;1845301038;1892951039795942357;OpenShortGlob;84159.0;84159.0;-2;0;0;84180.0;0;0;20.184219387813;1476.2552865876;2;-1;0;
07.10.2025 09:23:48;SiBD;SiZ5;Покупка;1;83876.0;283.0;SiBD_S1759765033;1845354215;1892951044087356004;CloseShortProfit;84159.0;84159.0;-1;0;0;83876.0;0;0;17.676199623078;517.58391109198;1;-3;0;
07.10.2025 10:01:25;SiBD;SiZ5;Покупка;1;83563.0;879.0;SiBD_S1759765033;1845356486;1892951044087619884;CloseShortProfit;84159.0;84159.0;0;0;0;83563.0;0;0;18.145539569139;1296.6806545495;0;-3;0;
07.10.2025 16:59:19;SiBD;SiZ5;Продажа;1;83819.0;0;SiBD_S1759845558;1845381561;1892951044090673392;OpenShort;83819.0;83819.0;-1;0;0;83819.0;0;0;19.092060057491;1043.1612791953;1;2;0;
08.10.2025 09:09:06;SiBD;SiZ5;Покупка;1;83541.0;278.0;SiBD_S1759845558;1845439746;1892951048382145160;CloseShortProfit;83819.0;83819.0;0;0;0;83541.0;0;0;15.599737204405;195.05892720769;0;-3;0;
08.10.2025 09:30:59;SiBD;SiZ5;Продажа;1;83835.0;0;SiBD_S1759905055;1845441057;1892951048382234725;OpenShort;83835.0;83835.0;-1;0;0;83835.0;0;0;15.895903740958;305.50181523701;1;2;0;
08.10.2025 10:05:06;SiBD;SiZ5;Покупка;1;83511.0;324.0;SiBD_S1759905055;1845443109;1892951048382453799;CloseShortProfit;83835.0;83835.0;0;0;0;83511.0;0;0;16.668247111682;714.21304877743;0;-3;0;
08.10.2025 12:10:48;SiBD;SiZ5;Продажа;1;83800.0;0;SiBD_S1759914647;1845450653;1892951048383509361;OpenShort;83800.0;83800.0;-1;0;0;83800.0;0;0;17.50673834488;1161.9387145311;1;2;0;
08.10.2025 12:21:47;SiBD;SiZ5;Покупка;1;83559.0;241.0;SiBD_S1759914647;1845451314;1892951048383599575;CloseShortProfit;83800.0;83800.0;0;0;0;83559.0;0;0;17.607102544635;1113.1485251882;0;-3;0;
08.10.2025 15:42:09;SiBD;SiZ5;Продажа;1;83658.0;0;SiBD_S1759927329;1845463337;1892951048384888903;OpenShort;83658.0;83658.0;-1;0;0;83658.0;0;0;17.705145443546;1117.5879674157;1;2;0;
08.10.2025 16:31:39;SiBD;SiZ5;Покупка;1;83407.0;251.0;SiBD_S1759927329;1845466308;1892951048385240902;CloseShortProfit;83658.0;83658.0;0;0;0;83407.0;0;0;17.80808924096;1829.8018409818;0;-3;0;
09.10.2025 10:05:16;SiBD;SiZ5;Продажа;1;83471.0;0;SiBD_S1759993509;1845529510;1892951052677727862;OpenShort;83471.0;83471.0;-1;0;0;83471.0;0;0;18.197779795144;709.30573573057;1;2;0;
09.10.2025 12:56:02;SiBD;SiZ5;Покупка;1;83741.0;-270.0;SiBD_S1759993509;1845539764;1892951052678835439;CloseShort;83471.0;83471.0;0;0;0;83740.0;0;0;18.476076620139;2022.3605704001;0;-1;0;
09.10.2025 12:56:03;SiBD;SiZ5;Покупка;2;83741.0;0;SiBD_B1760003762;1845539765;1892951052678835501;OpenLongGlob;83741.0;83741.0;2;0;0;83740.0;0;0;18.476076620139;2022.3605704001;2;-1;0;
10.10.2025 09:25:40;SiBD;SiZ5;Продажа;1;83958.0;217.0;SiBD_B1760003762;1845613542;1892951056972153424;CloseLongProfit;83741.0;83741.0;1;0;0;83995.0;0;0;13.3262371359;292.23331875578;1;-3;0;
10.10.2025 10:03:45;SiBD;SiZ5;Покупка;1;83613.0;217.0;SiBD_B1760003762;1845615823;1892951056972363760;OpenLong;83741.0;83677.0;2;0;0;83613.0;0;0;14.164889869548;592.92188905032;2;1;0;
10.10.2025 10:48:01;SiBD;SiZ5;Продажа;2;83408.0;-321.0;SiBD_B1760003762;1845618485;1892951056972822084;CloseLong;83741.0;83677.0;0;0;0;83400.0;0;0;14.628317977872;1129.0517418657;0;-1;0;
10.10.2025 10:48:02;SiBD;SiZ5;Продажа;3;83407.0;0;SiBD_S1760082481;1845618487;1892951056972822127;OpenShortGlob;83407.0;83407.0;-3;0;0;83400.0;0;0;14.628317977872;1129.0517418657;3;-1;0;
10.10.2025 16:06:01;SiBD;SiZ5;Продажа;1;83724.0;0;SiBD_S1760082481;1845637559;1892951056973999483;OpenShort;83407.0;83486.25;-4;0;0;83724.0;0;0;13.803237771519;1001.2803270673;4;2;0;
10.10.2025 17:09:33;SiBD;SiZ5;Покупка;1;83531.0;-44.75;SiBD_S1760082481;1845641381;1892951056974336098;CloseShortProfit;83407.0;83486.25;-3;0;0;83531.0;0;0;13.954517802833;981.91738917497;3;-3;0;
10.10.2025 17:47:54;SiBD;SiZ5;Покупка;1;83203.0;238.5;SiBD_S1760082481;1845643682;1892951056974551984;CloseShortProfit;83407.0;83486.25;-2;0;0;83203.0;0;0;13.986795490909;866.19817848048;2;-3;0;
10.10.2025 18:01:40;SiBD;SiZ5;Продажа;1;83547.0;238.5;SiBD_S1760082481;1845644506;1892951056974766561;OpenShort;83407.0;83506.5;-3;0;0;83547.0;0;0;14.612190904896;1454.5181634681;3;2;0;
10.10.2025 18:29:14;SiBD;SiZ5;Покупка;1;83342.0;403.0;SiBD_S1760082481;1845646166;1892951056975045036;CloseShortProfit;83407.0;83506.5;-2;0;0;83342.0;0;0;14.892158984088;1527.6669748221;2;-3;0;
10.10.2025 19:05:59;SiBD;SiZ5;Продажа;1;83618.0;403.0;SiBD_S1760082481;1845648370;1892951061266702353;OpenShort;83407.0;83543.666666667;-3;0;0;83618.0;0;0;15.084046500875;1325.5154903272;3;2;0;
10.10.2025 19:19:08;SiBD;SiZ5;Покупка;3;83741.0;-188.99999999999;SiBD_S1760082481;1845649156;1892951061266744096;CloseShort;83407.0;83543.666666667;0;0;0;83745.0;0;0;15.163274738795;1239.0554678844;0;-1;0;
10.10.2025 19:19:11;SiBD;SiZ5;Покупка;3;83744.0;0;SiBD_B1760113148;1845649164;1892951061266744228;OpenLongGlob;83744.0;83744.0;3;0;0;83745.0;0;0;15.163274738795;1239.0554678844;3;-1;0;
13.10.2025 09:03:37;SiBD;SiZ5;Покупка;1;83429.0;0;SiBD_B1760113148;1845871415;1892951061267109239;OpenLong;83744.0;83665.25;4;0;0;83429.0;0;0;13.52587826287;175.85064917613;4;1;0;
13.10.2025 09:04:03;SiBD;SiZ5;Продажа;4;83418.0;-989.0;SiBD_B1760113148;1845871444;1892951061267112196;CloseLong;83744.0;83665.25;0;0;0;83420.0;0;0;13.643152777918;208.36980502319;0;-1;0;
13.10.2025 09:04:09;SiBD;SiZ5;Продажа;4;83418.0;0;SiBD_S1760335443;1845871446;1892951061267112236;OpenShortGlob;83418.0;83418.0;-4;0;0;83420.0;0;0;13.643152777918;208.36980502319;4;-1;0;
13.10.2025 10:25:49;SiBD;SiZ5;Покупка;1;83224.0;194.0;SiBD_S1760335443;1845876349;1892951061267492120;CloseShortProfit;83418.0;83418.0;-3;0;0;83224.0;0;0;14.388171026997;588.67463050989;3;-3;0;
13.10.2025 10:45:29;SiBD;SiZ5;Покупка;1;82926.0;686.0;SiBD_S1760335443;1845877530;1892951061267659554;CloseShortProfit;83418.0;83418.0;-2;0;0;82926.0;0;0;14.590868026068;1643.059500075;2;-3;0;
13.10.2025 11:20:57;SiBD;SiZ5;Покупка;1;82622.0;1482.0;SiBD_S1760335443;1845879661;1892951061268069819;CloseShortProfit;83418.0;83418.0;-1;0;0;82622.0;0;0;15.226047471729;3764.7539011034;1;-3;0;
13.10.2025 12:04:01;SiBD;SiZ5;Покупка;1;82351.0;2549.0;SiBD_S1760335443;1845882248;1892951061268494832;CloseShortProfit;83418.0;83418.0;0;0;0;82360.0;0;0;15.698788323227;3669.4968541849;0;-3;0;
14.10.2025 13:20:33;SiBD;SiZ5;Продажа;1;81837.0;0;SiBD_S1760437219;1845973220;1892951065563943347;OpenShort;81837.0;81837.0;-1;0;0;81837.0;0;0;17.800050081618;1373.354254901;1;2;0;
14.10.2025 13:42:16;SiBD;SiZ5;Покупка;1;81577.0;260.0;SiBD_S1760437219;1845974531;1892951065564023324;CloseShortProfit;81837.0;81837.0;0;0;0;81577.0;0;0;17.78421319939;1596.7357097729;0;-3;0;
16.10.2025 10:05:17;SiBD;SiZ5;Продажа;1;80221.0;0;SiBD_S1760598301;1846134302;1892951074152344485;OpenShort;80221.0;80221.0;-1;0;0;80221.0;0;0;17.191081487031;1031.335656269;1;2;0;
16.10.2025 10:28:22;SiBD;SiZ5;Покупка;1;80544.0;-323.0;SiBD_S1760598301;1846135705;1892951074152548171;CloseShort;80221.0;80221.0;0;0;0;80484.0;0;0;17.501177432066;1659.2247783344;0;-1;0;
16.10.2025 10:28:24;SiBD;SiZ5;Покупка;3;80545.0;0;SiBD_B1760599702;1846135707;1892951074152548491;OpenLongGlob;80545.0;80545.0;3;0;0;80484.0;0;0;17.501177432066;1659.2247783344;3;-1;0;
16.10.2025 10:29:44;SiBD;SiZ5;Продажа;1;80799.0;254.0;SiBD_B1760599702;1846135788;1892951074152602851;CloseLongProfit;80545.0;80545.0;2;0;0;80799.0;0;0;17.573611819973;1788.4543653621;2;-3;0;
16.10.2025 10:31:23;SiBD;SiZ5;Продажа;1;81120.0;829.0;SiBD_B1760599702;1846135888;1892951074152685891;CloseLongProfit;80545.0;80545.0;1;0;0;81107.0;0;0;18.008956558916;2222.7590682849;1;-3;0;
16.10.2025 10:31:24;SiBD;SiZ5;Продажа;1;81136.0;1420.0;SiBD_B1760599702;1846135891;1892951074152687624;CloseLongProfit;80545.0;80545.0;0;0;0;81107.0;0;0;18.008956558916;2222.7590682849;0;-3;0;
16.10.2025 10:54:43;SiBD;SiZ5;Покупка;1;80555.0;0;SiBD_B1760601281;1846137290;1892951074153075446;OpenLong;80555.0;80555.0;1;0;0;80555.0;0;0;18.944303446605;2746.5264561685;1;1;0;
16.10.2025 11:17:14;SiBD;SiZ5;Продажа;1;80311.0;-244.0;SiBD_B1760601281;1846138630;1892951074153322265;CloseLong;80555.0;80555.0;0;0;0;80309.0;0;0;19.691309144434;2716.9575974229;0;-1;0;
16.10.2025 11:17:16;SiBD;SiZ5;Продажа;1;80327.0;0;SiBD_S1760602634;1846138645;1892951074153330071;OpenShortGlob;80327.0;80327.0;-1;0;0;80309.0;0;0;19.691309144434;2716.9575974229;1;-1;0;
16.10.2025 11:27:15;SiBD;SiZ5;Продажа;1;80486.0;0;SiBD_S1760602634;1846139241;1892951074153423118;OpenShort;80327.0;80406.5;-2;0;0;80486.0;0;0;19.760916682738;2597.1972327258;2;2;0;
16.10.2025 12:20:17;SiBD;SiZ5;Покупка;2;80635.0;-457.0;SiBD_S1760602634;1846142416;1892951074153678511;CloseShort;80327.0;80406.5;0;0;0;80634.0;0;0;19.85433087185;1624.5385882896;0;-1;0;
16.10.2025 12:20:18;SiBD;SiZ5;Покупка;3;80638.333333333;0;SiBD_B1760606417;1846142433;1892951074153680790;OpenLongGlob;80638.333333333;80638.333333333;3;0;0;80634.0;0;0;19.85433087185;1624.5385882896;3;-1;0;
16.10.2025 12:33:23;SiBD;SiZ5;Продажа;1;80940.0;301.66666666667;SiBD_B1760606417;1846143219;1892951074153840087;CloseLongProfit;80638.333333333;80638.333333333;2;0;0;80940.0;0;0;20.083348340019;1727.9265271598;2;-3;0;
16.10.2025 14:20:54;SiBD;SiZ5;Продажа;1;81229.0;892.33333333334;SiBD_B1760606417;1846149671;1892951074154646717;CloseLongProfit;80638.333333333;80638.333333333;1;0;0;81229.0;0;0;20.77184326272;1489.8769268551;1;-3;0;
16.10.2025 14:32:54;SiBD;SiZ5;Продажа;1;81290.0;1544.0;SiBD_B1760606417;1846150394;1892951074154754941;CloseLongProfit;80638.333333333;80638.333333333;0;0;0;81318.0;0;0;20.899106294299;1657.6602038066;0;-3;0;
16.10.2025 17:58:16;SiBD;SiZ5;Покупка;1;81637.0;0;SiBD_B1760626695;1846162717;1892951074157126995;OpenLong;81637.0;81637.0;1;0;0;81637.0;0;0;24.806786418387;2380.1172305717;1;1;0;
16.10.2025 19:22:57;SiBD;SiZ5;Продажа;1;81913.0;276.0;SiBD_B1760626695;1846167801;1892951078446612286;CloseLongProfit;81637.0;81637.0;0;0;0;81938.0;0;0;24.690869346758;1397.1021631704;0;-3;0;
16.10.2025 20:09:29;SiBD;SiZ5;Покупка;1760634569;81649.0;0;SiBD_H1760634568;0;0;TradeHand;81649.0;81649.0;1;0;0;81632.0;0;0;24.417038208004;859.55714472591;1;0;0;
16.10.2025 20:17:27;SiBD;SiZ5;Покупка;1;81320.0;0;SiBD_H1760634568;1846171074;1892951078446865139;OpenLong;81649.0;81484.5;2;0;0;81322.0;0;0;24.717533920598;1086.0168481431;2;1;0;
16.10.2025 20:18:20;SiBD;SiZ5;Продажа;2;81243.0;-483.0;SiBD_H1760634568;1846171130;1892951078446876998;CloseLong;81649.0;81484.5;0;0;0;81278.0;0;0;24.949947338649;1174.0665673407;0;-1;0;
16.10.2025 20:18:21;SiBD;SiZ5;Продажа;3;81238.0;0;SiBD_S1760635100;1846171131;1892951078446877083;OpenShortGlob;81238.0;81238.0;-3;0;0;81278.0;0;0;24.949947338649;1174.0665673407;3;-1;0;
16.10.2025 20:27:09;SiBD;SiZ5;Продажа;1;81724.0;0;SiBD_S1760635100;1846171658;1892951078446954619;OpenShort;81238.0;81359.5;-4;0;0;81718.0;0;0;25.236079017438;1208.7545270402;4;2;0;
16.10.2025 20:30:20;SiBD;SiZ5;Покупка;4;81736.0;-1506.0;SiBD_S1760635100;1846171855;1892951078446984368;CloseShort;81238.0;81359.5;0;0;0;81684.0;0;0;25.288895161435;1215.9861065231;0;-1;0;
16.10.2025 20:30:22;SiBD;SiZ5;Покупка;4;81739.0;0;SiBD_B1760635820;1846171856;1892951078446984403;OpenLongGlob;81739.0;81739.0;4;0;0;81684.0;0;0;25.288895161435;1215.9861065231;4;-1;0;
16.10.2025 21:07:51;SiBD;SiZ5;Покупка;1;81443.0;0;SiBD_B1760635820;1846174106;1892951078447141385;OpenLong;81739.0;81679.8;5;0;0;81443.0;0;0;25.683210654995;904.30612958783;5;1;1;
16.10.2025 21:10:06;SiBD;SiZ5;Продажа;5;81356.0;-1619.0;SiBD_B1760635820;1846174241;1892951078447152959;CloseLong;81739.0;81679.8;0;0;0;81361.0;0;0;25.730522209771;910.03881291027;0;-1;1;
16.10.2025 21:10:09;SiBD;SiZ5;Продажа;6;81356.0;0;SiBD_S1760638206;1846174247;1892951078447154192;OpenShortGlob;81356.0;81356.0;-6;0;0;81361.0;0;0;25.730522209771;910.03881291027;6;-1;1;
16.10.2025 23:32:22;SiBD;SiZ5;Покупка;6;81694.0;-2028.0;SiBD_S1760638206;1846182786;1892951078447440864;CloseShort;81356.0;81356.0;0;0;0;81689.0;0;0;24.259818872565;258.23126424813;0;-1;1;
16.10.2025 23:32:29;SiBD;SiZ5;Покупка;7;81692.0;0;SiBD_B1760646742;1846182787;1892951078447440870;OpenLongGlob;81692.0;81692.0;7;0;0;81689.0;0;0;24.259818872565;258.23126424813;7;-1;1;
17.10.2025 09:07:54;SiBD;SiZ5;Продажа;1;82075.0;383.0;SiBD_B1760646742;1846217270;1892951078447556154;CloseLongProfit;81692.0;81692.0;6;0;0;82075.0;0;0;24.679810570046;412.57095702545;6;-3;0;
17.10.2025 09:12:10;SiBD;SiZ5;Продажа;1;82270.0;961.0;SiBD_B1760646742;1846217531;1892951078447617930;CloseLongProfit;81692.0;81692.0;5;0;0;82221.0;0;0;25.122693901792;617.53371225074;5;-3;0;
17.10.2025 10:05:59;SiBD;SiZ5;Продажа;1;82766.0;2035.0;SiBD_B1760646742;1846220677;1892951078448084301;CloseLongProfit;81692.0;81692.0;4;0;0;82740.0;0;0;26.317598834727;1634.3420669684;4;-3;0;
17.10.2025 10:05:59;SiBD;SiZ5;Продажа;5;82691.0;7030.0;SiBD_B1760646742;0;0;TradeHand;81692.0;81692.0;-1;0;0;82740.0;0;0;26.317598834727;1634.3420669684;4;-3;0;
17.10.2025 10:05:59;SiBD;SiZ5;Покупка;1;82667.0;6055.0;SiBD_B1760646742;1846220768;1892951078448110094;CloseShort;81692.0;81692.0;0;0;0;82691.0;0;0;26.332576272119;1700.2363658522;0;-1;0;
17.10.2025 10:52:31;SiBD;SiZ5;Покупка;1;82177.0;0;SiBD_B1760687550;1846223560;1892951078448544705;OpenLong;82177.0;82177.0;1;0;0;82177.0;0;0;26.626399969212;2755.761841342;1;1;0;
17.10.2025 10:59:10;SiBD;SiZ5;Продажа;1;82527.0;350.0;SiBD_B1760687550;1846223961;1892951078448657000;CloseLongProfit;82177.0;82177.0;0;0;0;82522.0;0;0;26.783080241094;2805.7367703502;0;-3;0;
17.10.2025 17:25:43;SiBD;SiZ5;Покупка;1;82872.0;0;SiBD_B1760711129;1846247141;1892951078451882016;OpenLong;82872.0;82872.0;1;0;0;82872.0;0;0;27.552567277102;1424.6237595931;1;1;0;
20.10.2025 09:00:39;SiBD;SiZ5;Продажа;1;83150.0;278.0;SiBD_B1760711129;1846476042;1892951082742041281;CloseLongProfit;82872.0;82872.0;0;0;0;83175.0;0;0;21.927001972387;112.72416666667;0;-3;0;
20.10.2025 09:02:42;SiBD;SiZ5;Покупка;1;82884.0;0;SiBD_B1760940159;1846476163;1892951082742060453;OpenLong;82884.0;82884.0;1;0;0;82884.0;0;0;22.038714339127;219.39828449074;1;1;0;
20.10.2025 09:07:00;SiBD;SiZ5;Покупка;1;82534.0;0;SiBD_B1760940159;1846476424;1892951082742106321;OpenLong;82884.0;82709.0;2;0;0;82534.0;0;0;22.28172173291;306.92888386999;2;1;0;
20.10.2025 09:07:20;SiBD;SiZ5;Продажа;2;82457.5;-503.0;SiBD_B1760940159;1846476448;1892951082742111398;CloseLong;82884.0;82709.0;0;0;0;82544.0;0;0;22.621104140945;415.91340247215;0;-1;0;
20.10.2025 09:07:22;SiBD;SiZ5;Продажа;3;82466.0;0;SiBD_S1760940440;1846476449;1892951082742111461;OpenShortGlob;82466.0;82466.0;-3;0;0;82544.0;0;0;22.621104140945;415.91340247215;3;-1;0;
20.10.2025 09:27:00;SiBD;SiZ5;Продажа;1;82788.0;0;SiBD_S1760940440;1846477629;1892951082742253548;OpenShort;82466.0;82546.5;-4;0;0;82788.0;0;0;22.974442860793;616.83325763201;4;2;0;
20.10.2025 10:02:57;SiBD;SiZ5;Покупка;4;82991.0;-1778.0;SiBD_S1760940440;0;0;TradeHand;82466.0;82546.5;0;0;0;83019.0;0;0;24.197687893387;1009.6221458898;0;0;0;
20.10.2025 10:02:58;SiBD;SiZ5;Покупка;1760943778;82991.0;0;SiBD_H1760943778;0;0;TradeHand;82991.0;82991.0;4;0;0;83019.0;0;0;24.197687893387;1009.6221458898;1;0;0;
20.10.2025 10:52:04;SiBD;SiZ5;Покупка;1;82686.0;0;SiBD_H1760943778;1846482733;1892951082743036452;OpenLong;82991.0;82930.0;5;0;0;82686.0;0;0;23.820073517058;1663.5126066162;2;1;0;
20.10.2025 12:08:20;SiBD;SiZ5;Продажа;5;82605.0;-1625.0;SiBD_H1760943778;1846487316;1892951082743545389;CloseLong;82991.0;82930.0;0;0;0;82636.0;0;0;23.24150722468;1366.4429260218;0;-1;0;
20.10.2025 12:08:22;SiBD;SiZ5;Продажа;5;82605.8;0;SiBD_S1760951300;1846487317;1892951082743545526;OpenShortGlob;82605.8;82605.8;-5;0;0;82636.0;0;0;23.24150722468;1366.4429260218;5;-1;0;
20.10.2025 12:38:51;SiBD;SiZ5;Покупка;1;82305.0;300.8;SiBD_S1760951300;1846489149;1892951082743847715;CloseShortProfit;82605.8;82605.8;-4;0;0;82305.0;0;0;23.333201420437;1585.0295346364;4;-3;0;
20.10.2025 14:44:00;SiBD;SiZ5;Продажа;1;82728.0;300.8;SiBD_S1760951300;1846496641;1892951082744871682;OpenShort;82605.8;82630.24;-5;0;0;82728.0;0;0;23.146181942752;1871.4374737637;5;2;0;
20.10.2025 16:01:23;SiBD;SiZ5;Покупка;1;82449.0;482.04000000001;SiBD_S1760951300;1846501305;1892951082745391195;CloseShortProfit;82605.8;82630.24;-4;0;0;82434.0;0;0;22.459881128455;1343.1215447367;4;-3;0;
20.10.2025 17:06:04;SiBD;SiZ5;Продажа;1;82722.0;482.04000000001;SiBD_S1760951300;1846505186;1892951082745776149;OpenShort;82605.8;82648.592;-5;0;0;82722.0;0;0;22.167205496127;1280.7793688412;5;2;0;
20.10.2025 17:51:14;SiBD;SiZ5;Покупка;1;82448.0;682.63200000001;SiBD_S1760951300;1846507900;1892951082746161915;CloseShortProfit;82605.8;82648.592;-4;0;0;82421.0;0;0;22.133008761516;1241.7068778091;4;-3;0;
20.10.2025 17:51:35;SiBD;SiZ5;Покупка;1;82471.0;860.22400000002;SiBD_S1760951300;1846507924;1892951082746163727;CloseShortProfit;82605.8;82648.592;-3;0;0;82447.0;0;0;22.123863878488;1260.6450965123;3;-3;0;
21.10.2025 09:15:08;SiBD;SiZ5;Продажа;1;82736.0;860.22400000002;SiBD_S1760951300;1846563313;1892951087036933741;OpenShort;82605.8;82670.444;-4;0;0;82736.0;0;0;18.544326919998;444.43864304132;4;2;0;
21.10.2025 10:06:51;SiBD;SiZ5;Покупка;1;82463.0;1067.668;SiBD_S1760951300;1846566414;1892951087037324511;CloseShortProfit;82605.8;82670.444;-3;0;0;82463.0;0;0;19.818539632011;768.93599365497;3;-3;0;
21.10.2025 11:15:32;SiBD;SiZ5;Продажа;1;82710.0;1067.668;SiBD_S1760951300;1846570536;1892951087037873255;OpenShort;82605.8;82680.333;-4;0;0;82710.0;0;0;19.860463116404;1162.9104360156;4;2;0;
21.10.2025 11:36:01;SiBD;SiZ5;Покупка;4;82947.0;1.0000000000146;SiBD_S1760951300;1846571768;1892951087038074618;CloseShort;82605.8;82680.333;0;0;0;82946.0;0;0;20.094929469218;1564.9701256321;0;-1;0;
21.10.2025 11:36:03;SiBD;SiZ5;Покупка;5;82940.0;0;SiBD_B1761035761;1846571770;1892951087038074993;OpenLongGlob;82940.0;82940.0;5;0;0;82946.0;0;0;20.094929469218;1564.9701256321;5;-1;0;
21.10.2025 13:12:02;SiBD;SiZ5;Продажа;1;83219.0;279.0;SiBD_B1761035761;1846577530;1892951087038808372;CloseLongProfit;82940.0;82940.0;4;0;0;83219.0;0;0;20.573109871343;1538.343198674;4;-3;0;
21.10.2025 13:53:17;SiBD;SiZ5;Продажа;1;83532.0;871.0;SiBD_B1761035761;1846580001;1892951087039119714;CloseLongProfit;82940.0;82940.0;3;0;0;83532.0;0;0;20.610555986055;1700.442852368;3;-3;0;
21.10.2025 14:38:22;SiBD;SiZ5;Покупка;1;82910.0;871.0;SiBD_B1761035761;1846582713;1892951087039545999;OpenLong;82940.0;82932.5;4;0;0;82910.0;0;0;20.97747295121;1695.0179271157;4;1;0;
21.10.2025 15:49:41;SiBD;SiZ5;Продажа;1;83207.0;1145.5;SiBD_B1761035761;1846586994;1892951087040054887;CloseLongProfit;82940.0;82932.5;3;0;0;83199.0;0;0;21.296621037715;1259.7667901498;3;-3;0;
21.10.2025 17:16:43;SiBD;SiZ5;Покупка;1;82939.0;1145.5;SiBD_B1761035761;1846592216;1892951087040656723;OpenLong;82940.0;82934.125;4;0;0;82940.0;0;0;21.261066235425;1252.5481761053;4;1;0;
21.10.2025 18:28:13;SiBD;SiZ5;Продажа;1;83236.0;1447.375;SiBD_B1761035761;1846596508;1892951087041462583;CloseLongProfit;82940.0;82934.125;3;0;0;83236.0;0;0;21.542098389293;1291.589927912;3;-3;0;
21.10.2025 18:29:03;SiBD;SiZ5;Продажа;1;83258.0;1771.25;SiBD_B1761035761;1846596559;1892951087041475149;CloseLongProfit;82940.0;82934.125;2;0;0;83257.0;0;0;21.601659801614;1317.3134291134;2;-3;0;
22.10.2025 10:44:33;SiBD;SiZ5;Продажа;1;84132.0;2969.125;SiBD_B1761035761;1846655074;1892951091332760886;CloseLongProfit;82940.0;82934.125;1;0;0;84132.0;0;0;20.626033920591;2122.2792740051;1;-3;0;
22.10.2025 10:44:33;SiBD;SiZ5;Продажа;1;84132.0;4167.0;SiBD_B1761035761;1846655075;1892951091332760944;CloseLongProfit;82940.0;82934.125;0;0;0;84132.0;0;0;20.626033920591;2122.2792740051;0;-3;0;
22.10.2025 11:56:05;SiBD;SiZ5;Покупка;1;83528.0;0;SiBD_B1761123364;1846659367;1892951091333421500;OpenLong;83528.0;83528.0;1;0;0;83528.0;0;0;20.963394018956;1844.2592549577;1;1;0;
22.10.2025 14:09:20;SiBD;SiZ5;Продажа;1;83246.0;-282.0;SiBD_B1761123364;1846667366;1892951091334511324;CloseLong;83528.0;83528.0;0;0;0;83280.0;0;0;20.974283283816;1293.6572315475;0;-1;0;
22.10.2025 14:09:27;SiBD;SiZ5;Продажа;2;83253.0;0;SiBD_S1761131360;1846667367;1892951091334511347;OpenShortGlob;83253.0;83253.0;-2;0;0;83280.0;0;0;20.974283283816;1293.6572315475;2;-1;0;
22.10.2025 14:26:05;SiBD;SiZ5;Покупка;1;82949.0;304.0;SiBD_S1761131360;1846668373;1892951091334801534;CloseShortProfit;83253.0;83253.0;-1;0;0;82951.0;0;0;21.320482017928;1765.2639879683;1;-3;0;
22.10.2025 15:31:06;SiBD;SiZ5;Продажа;1;83406.0;304.0;SiBD_S1761131360;1846672275;1892951091335560982;OpenShort;83253.0;83329.5;-2;0;0;83406.0;0;0;21.746017255356;1560.6836372528;2;2;0;
22.10.2025 16:14:06;SiBD;SiZ5;Покупка;1;83107.0;526.5;SiBD_S1761131360;1846674856;1892951091335976723;CloseShortProfit;83253.0;83329.5;-1;0;0;83107.0;0;0;21.860693658134;1491.5701749163;1;-3;0;
22.10.2025 16:29:07;SiBD;SiZ5;Покупка;1;82969.0;887.0;SiBD_S1761131360;1846675757;1892951091336131343;CloseShortProfit;83253.0;83329.5;0;0;0;82969.0;0;0;22.095347495834;1509.5184884488;0;-3;0;
23.10.2025 09:00:24;SiBD;SiZ5;Продажа;1;83400.0;0;SiBD_S1761199210;1846735211;1892951095627071101;OpenShort;83400.0;83400.0;-1;0;0;83371.0;0;0;20.051576204495;476.06280249321;1;2;0;
23.10.2025 09:10:20;SiBD;SiZ5;Покупка;1;83112.0;288.0;SiBD_S1761199210;1846735821;1892951095627185695;CloseShortProfit;83400.0;83400.0;0;0;0;83114.0;0;0;20.629482401193;720.41211097441;0;-3;0;
23.10.2025 09:12:34;SiBD;SiZ5;Продажа;1;83235.0;0;SiBD_S1761199950;1846735953;1892951095627208737;OpenShort;83235.0;83235.0;-1;0;0;83235.0;0;0;20.831613625612;773.25432175053;1;2;0;
23.10.2025 10:02:20;SiBD;SiZ5;Покупка;1;82947.0;288.0;SiBD_S1761199950;1846738944;1892951095627537077;CloseShortProfit;83235.0;83235.0;0;0;0;82947.0;0;0;21.883542060683;1106.4849188307;0;-3;0;
23.10.2025 11:56:21;SiBD;SiZ5;Продажа;1;83020.0;0;SiBD_S1761209781;1846745786;1892951095629013691;OpenShort;83020.0;83020.0;-1;0;0;83020.0;0;0;23.351191860275;2547.5022023534;1;2;0;
23.10.2025 12:11:01;SiBD;SiZ5;Покупка;1;82718.0;302.0;SiBD_S1761209781;1846746667;1892951095629154037;CloseShortProfit;83020.0;83020.0;0;0;0;82718.0;0;0;23.709031708435;2420.0174009953;0;-3;0;
23.10.2025 12:36:39;SiBD;SiZ5;Продажа;1;82969.0;0;SiBD_S1761212191;1846748200;1892951095629328501;OpenShort;82969.0;82969.0;-1;0;0;82969.0;0;0;23.551586111748;1825.6775929716;1;2;0;
23.10.2025 15:22:20;SiBD;SiZ5;Покупка;1;83285.0;-316.0;SiBD_S1761212191;1846758152;1892951095630608147;CloseShort;82969.0;82969.0;0;0;0;83250.0;0;0;22.802539410163;1244.7074093225;0;-1;0;
23.10.2025 15:22:20;SiBD;SiZ5;Покупка;3;83285.0;0;SiBD_B1761222140;1846758153;1892951095630608224;OpenLongGlob;83285.0;83285.0;3;0;0;83250.0;0;0;22.802539410163;1244.7074093225;3;-1;0;
23.10.2025 15:44:43;SiBD;SiZ5;Покупка;1;82965.0;0;SiBD_B1761222140;1846759497;1892951095630894366;OpenLong;83285.0;83205.0;4;0;0;82965.0;0;0;23.162119137964;1322.6035563542;4;1;0;
23.10.2025 16:02:16;SiBD;SiZ5;Продажа;4;82926.0;-1116.0;SiBD_B1761222140;1846760535;1892951095631008911;CloseLong;83285.0;83205.0;0;0;0;82930.0;0;0;23.057478970767;1145.0716720478;0;-1;0;
23.10.2025 16:02:17;SiBD;SiZ5;Продажа;4;82935.0;0;SiBD_S1761224536;1846760552;1892951095631010738;OpenShortGlob;82935.0;82935.0;-4;0;0;82930.0;0;0;23.057478970767;1145.0716720478;4;-1;0;
24.10.2025 10:26:08;SiBD;SiZ5;Покупка;1;82615.0;320.0;SiBD_S1761224536;1846826769;1892951099922347376;CloseShortProfit;82935.0;82935.0;-3;0;0;82615.0;0;0;18.141640618648;2064.2632031568;3;-3;0;
24.10.2025 13:48:30;SiBD;SiZ5;Покупка;1;82343.0;912.0;SiBD_S1761224536;1846838911;1892951099923980533;CloseShortProfit;82935.0;82935.0;-2;0;0;82343.0;0;0;19.06712304263;2394.2551599584;2;-3;0;
24.10.2025 13:51:11;SiBD;SiZ5;Покупка;1;81982.0;1865.0;SiBD_S1761224536;1846839073;1892951099924075642;CloseShortProfit;82935.0;82935.0;-1;0;0;81982.0;0;0;19.412580434071;2825.5754235976;1;-3;0;
24.10.2025 13:51:12;SiBD;SiZ5;Покупка;1;81982.0;2818.0;SiBD_S1761224536;1846839075;1892951099924076493;CloseShortProfit;82935.0;82935.0;0;0;0;81982.0;0;0;19.412580434071;2825.5754235976;0;-3;0;
24.10.2025 14:46:35;SiBD;SiZ5;Продажа;1;82069.0;0;SiBD_S1761306390;1846842395;1892951099925266453;OpenShort;82069.0;82069.0;-1;0;0;82069.0;0;0;21.261215194807;3860.7110410751;1;2;0;
24.10.2025 15:23:43;SiBD;SiZ5;Покупка;1;81772.0;297.0;SiBD_S1761306390;1846844629;1892951099925799104;CloseShortProfit;82069.0;82069.0;0;0;0;81781.0;0;0;22.23945627051;2760.3419945579;0;-3;0;
27.10.2025 15:05:30;SiBD;SiZ5;Продажа;1;80667.0;0;SiBD_S1761566724;1847102725;1892951104219316917;OpenShort;80667.0;80667.0;-1;0;0;80667.0;0;0;20.383596410915;1184.2510083635;1;2;0;
27.10.2025 18:49:55;SiBD;SiZ5;Покупка;1;81324.0;-657.0;SiBD_S1761566724;1847116194;1892951104221029384;CloseShort;80667.0;80667.0;0;0;0;81328.0;0;0;18.610256410256;1363.9;0;-1;0;
27.10.2025 18:49:59;SiBD;SiZ5;Покупка;3;81327.0;0;SiBD_B1761580195;1847116197;1892951104221029485;OpenLongGlob;81327.0;81327.0;3;0;0;81328.0;0;0;18.610256410256;1363.9;3;-1;0;
28.10.2025 09:13:14;SiBD;SiZ5;Покупка;1;80824.0;0;SiBD_B1761580195;1847167995;1892951108511951537;OpenLong;81327.0;81201.25;4;0;0;80824.0;0;0;16.578959188254;346.23470623313;4;1;0;
28.10.2025 09:20:05;SiBD;SiZ5;Продажа;1;81052.0;-149.25;SiBD_B1761580195;1847168407;1892951108512013925;CloseLongProfit;81327.0;81201.25;3;0;0;81048.0;0;0;16.906100480335;463.61846095467;3;-3;0;
28.10.2025 09:32:59;SiBD;SiZ5;Покупка;1;80820.0;-149.25;SiBD_B1761580195;1847169177;1892951108512120130;OpenLong;81327.0;81105.9375;4;0;0;80820.0;0;0;17.391205148055;564.02379344122;4;1;0;
28.10.2025 09:54:38;SiBD;SiZ5;Продажа;1;81282.0;26.8125;SiBD_B1761580195;1847170468;1892951108512270006;CloseLongProfit;81327.0;81105.9375;3;0;0;81282.0;0;0;18.16019394832;585.35291756401;3;-3;0;
28.10.2025 09:54:39;SiBD;SiZ5;Продажа;1;81283.0;203.875;SiBD_B1761580195;1847170483;1892951108512278152;CloseLongProfit;81327.0;81105.9375;2;0;0;81241.0;0;0;18.16019394832;585.35291756401;2;-3;0;
28.10.2025 13:54:01;SiBD;SiZ5;Покупка;1;81006.0;203.875;SiBD_B1761580195;1847184844;1892951108514763900;OpenLong;81327.0;81072.625;3;0;0;81006.0;0;0;21.285422939177;1961.7452860921;3;1;0;
28.10.2025 14:10:01;SiBD;SiZ5;Продажа;3;80798.0;-620.0;SiBD_B1761580195;1847185809;1892951108514919175;CloseLong;81327.0;81072.625;0;0;0;80794.0;0;0;21.481232604114;2163.3645503756;0;-1;0;
28.10.2025 14:10:02;SiBD;SiZ5;Продажа;4;80797.0;0;SiBD_S1761649801;1847185811;1892951108514919455;OpenShortGlob;80797.0;80797.0;-4;0;0;80794.0;0;0;21.481232604114;2163.3645503756;4;-1;0;
28.10.2025 15:13:48;SiBD;SiZ5;Продажа;1;81100.0;0;SiBD_S1761649801;1847189638;1892951108515489402;OpenShort;80797.0;80857.6;-5;0;0;81100.0;0;0;21.523693878071;1550.1477083871;5;2;0;
28.10.2025 15:15:01;SiBD;SiZ5;Покупка;5;81164.0;-1532.0;SiBD_S1761649801;1847189713;1892951108515524351;CloseShort;80797.0;80857.6;0;0;0;81160.0;0;0;21.779768107597;1639.2775480265;0;-1;0;
28.10.2025 15:15:02;SiBD;SiZ5;Покупка;5;81158.6;0;SiBD_B1761653701;1847189714;1892951108515524721;OpenLongGlob;81158.6;81158.6;5;0;0;81160.0;0;0;21.779768107597;1639.2775480265;5;-1;0;
28.10.2025 15:46:20;SiBD;SiZ5;Покупка;1;80848.0;0;SiBD_B1761653701;1847191593;1892951108515857631;OpenLong;81158.6;81106.833333333;6;0;0;80848.0;0;0;22.089934153772;1343.3341697679;6;1;0;
28.10.2025 15:48:21;SiBD;SiZ5;Продажа;6;80782.0;-1949.0;SiBD_B1761653701;1847191720;1892951108515874881;CloseLong;81158.6;81106.833333333;0;0;0;80795.0;0;0;22.116618559845;1336.2231236005;0;-1;0;
28.10.2025 15:48:22;SiBD;SiZ5;Продажа;6;80781.166666667;0;SiBD_S1761655701;1847191721;1892951108515874969;OpenShortGlob;80781.166666667;80781.166666667;-6;0;0;80795.0;0;0;22.116618559845;1336.2231236005;6;-1;0;
29.10.2025 09:30:22;SiBD;SiZ5;Продажа;1;81077.0;0;SiBD_S1761655701;1847255422;1892951112806720238;OpenShort;80781.166666667;80823.428571429;-7;0;0;81077.0;0;0;17.664394750066;252.60069810578;7;2;0;
29.10.2025 09:52:22;SiBD;SiZ5;Покупка;1;80822.0;1.4285714285652;SiBD_S1761655701;1847256743;1892951112806836927;CloseShortProfit;80781.166666667;80823.428571429;-6;0;0;80824.0;0;0;18.144680168627;413.36741715526;6;-3;0;
29.10.2025 10:03:24;SiBD;SiZ5;Продажа;1;81082.0;1.4285714285652;SiBD_S1761655701;1847257405;1892951112806949621;OpenShort;80781.166666667;80860.367346939;-7;0;0;81082.0;0;0;18.310379600706;494.29262442409;7;2;0;
29.10.2025 10:19:52;SiBD;SiZ5;Покупка;1;80813.0;48.795918367337;SiBD_S1761655701;1847258396;1892951112807138195;CloseShortProfit;80781.166666667;80860.367346939;-6;0;0;80828.0;0;0;18.52102071588;771.44245615147;6;-3;0;
29.10.2025 10:37:02;SiBD;SiZ5;Покупка;1;80657.0;252.16326530611;SiBD_S1761655701;1847259427;1892951112807336918;CloseShortProfit;80781.166666667;80860.367346939;-5;0;0;80657.0;0;0;19.037523550242;1090.8074536037;5;-3;0;
29.10.2025 12:35:18;SiBD;SiZ5;Продажа;1;80911.0;252.16326530611;SiBD_S1761655701;1847266523;1892951112808196000;OpenShort;80781.166666667;80868.806122449;-6;0;0;80911.0;0;0;19.001604256218;825.43151751743;6;2;0;
29.10.2025 13:01:00;SiBD;SiZ5;Покупка;6;81163.0;-1513.0;SiBD_S1761655701;1847268067;1892951112808494711;CloseShort;80781.166666667;80868.806122449;0;0;0;81163.0;0;0;19.20926101645;1375.4673115078;0;-1;0;
29.10.2025 13:01:01;SiBD;SiZ5;Покупка;7;81164.857142857;0;SiBD_B1761732060;1847268068;1892951112808494930;OpenLongGlob;81164.857142857;81164.857142857;7;0;0;81163.0;0;0;19.20926101645;1375.4673115078;7;-1;0;
29.10.2025 13:40:25;SiBD;SiZ5;Продажа;1;81428.0;263.14285714286;SiBD_B1761732060;1847270432;1892951112809081567;CloseLongProfit;81164.857142857;81164.857142857;6;0;0;81428.0;0;0;19.902570002228;2341.352475601;6;-3;0;
30.10.2025 09:31:11;SiBD;SiZ5;Продажа;1;81816.0;914.28571428571;SiBD_B1761732060;1847341872;1892951117101711059;CloseLongProfit;81164.857142857;81164.857142857;5;0;0;81816.0;0;0;15.890639765951;400.65049368251;5;-3;0;
30.10.2025 10:31:02;SiBD;SiZ5;Продажа;1;82037.0;1786.4285714286;SiBD_B1761732060;1847345463;1892951117102277554;CloseLongProfit;81164.857142857;81164.857142857;4;0;0;82037.0;0;0;16.635780992023;1297.3646844324;4;-3;0;
30.10.2025 14:26:16;SiBD;SiZ5;Продажа;1;82329.0;2950.5714285714;SiBD_B1761732060;1847359576;1892951117103956432;CloseLongProfit;81164.857142857;81164.857142857;3;0;0;82329.0;0;0;17.531420887708;767.22503968169;3;-3;0;
30.10.2025 16:25:35;SiBD;SiZ5;Покупка;1;81758.0;2950.5714285714;SiBD_B1761732060;1847366740;1892951117104835110;OpenLong;81164.857142857;81313.142857143;4;0;0;81758.0;0;0;18.336793106505;1046.4273197432;4;1;0;
30.10.2025 18:33:33;SiBD;SiZ5;Продажа;1;82016.0;3653.4285714286;SiBD_B1761732060;1847374420;1892951117105799404;CloseLongProfit;81164.857142857;81313.142857143;3;0;0;82010.0;0;0;18.997598192767;851.66908061995;3;-3;0;
31.10.2025 10:10:11;SiBD;SiZ5;Продажа;1;82510.0;4850.2857142857;SiBD_B1761732060;1847430609;1892951121397035464;CloseLongProfit;81164.857142857;81313.142857143;2;0;0;82510.0;0;0;17.054098664842;1169.1598707248;2;-3;0;
31.10.2025 16:56:13;SiBD;SiZ5;Покупка;1;81875.0;4850.2857142857;SiBD_B1761732060;1847454974;1892951121400035931;OpenLong;81164.857142857;81500.428571429;3;0;0;81875.0;0;0;18.5733495712;2147.3577267495;3;1;0;
31.10.2025 17:27:00;SiBD;SiZ5;Продажа;3;81667.0;5350.0;SiBD_B1761732060;1847456823;1892951121400434682;CloseLong;81164.857142857;81500.428571429;0;0;0;81656.0;0;0;18.691361426725;2351.5684641652;0;-1;0;
31.10.2025 17:27:02;SiBD;SiZ5;Продажа;4;81667.0;0;SiBD_S1761920820;1847456824;1892951121400434734;OpenShortGlob;81667.0;81667.0;-4;0;0;81656.0;0;0;18.691361426725;2351.5684641652;4;-1;0;
01.11.2025 10:11:04;SiBD;SiZ5;Покупка;1;81287.0;380.0;SiBD_S1761920820;1847517065;1892951125691759414;CloseShortProfit;81667.0;81667.0;-3;0;0;81287.0;0;0;16.395673693951;561.66352930692;3;-3;0;
01.11.2025 14:53:10;SiBD;SiZ5;Продажа;1;81770.0;380.0;SiBD_S1761920820;1847533988;1892951125692915646;OpenShort;81667.0;81692.75;-4;0;0;81770.0;0;0;15.987019784411;650.11867265401;4;2;0;
03.11.2025 09:01:00;SiBD;SiZ5;Покупка;4;82006.0;-873.0;SiBD_S1761920820;1847685661;1892951129986244545;CloseShort;81667.0;81692.75;0;0;0;82009.0;0;0;12.229265811303;100.32561178459;0;-1;0;
03.11.2025 09:01:01;SiBD;SiZ5;Покупка;4;82006.0;0;SiBD_B1762149660;1847685662;1892951129986244643;OpenLongGlob;82006.0;82006.0;4;0;0;82009.0;0;0;12.229265811303;100.32561178459;4;-1;0;
03.11.2025 10:07:12;SiBD;SiZ5;Покупка;1;81651.0;0;SiBD_B1762149660;1847689632;1892951129986415230;OpenLong;82006.0;81935.0;5;0;0;81651.0;0;0;13.407758310887;425.31315852174;5;1;0;
03.11.2025 10:09:05;SiBD;SiZ5;Продажа;5;81667.0;-1340.0;SiBD_B1762149660;1847689745;1892951129986432697;CloseLong;82006.0;81935.0;0;0;0;81663.0;0;0;13.461818640922;522.21336244839;0;-1;0;
03.11.2025 10:09:25;SiBD;SiZ5;Продажа;6;81600.166666667;0;SiBD_S1762153745;1847689772;1892951129986436497;OpenShortGlob;81600.166666667;81600.166666667;-6;0;0;81663.0;0;0;13.461818640922;522.21336244839;6;-1;0;
03.11.2025 13:41:51;SiBD;SiZ5;Покупка;1;81399.0;201.16666666667;SiBD_S1762153745;1847702518;1892951129987160777;CloseShortProfit;81600.166666667;81600.166666667;-5;0;0;81399.0;0;0;14.265764197801;233.66201883374;5;-3;0;
03.11.2025 14:15:52;SiBD;SiZ5;Покупка;1;81102.0;699.33333333334;SiBD_S1762153745;1847704561;1892951129987406124;CloseShortProfit;81600.166666667;81600.166666667;-4;0;0;81115.0;0;0;14.779767970662;588.85706375986;4;-3;0;
03.11.2025 18:24:43;SiBD;SiZ5;Покупка;1;80818.0;1481.5;SiBD_S1762153745;1847719493;1892951129988225166;CloseShortProfit;81600.166666667;81600.166666667;-3;0;0;80818.0;0;0;14.626657255894;552.18793964629;3;-3;0;
05.11.2025 10:00:21;SiBD;SiZ5;Продажа;1;81524.0;1481.5;SiBD_S1762153745;1847862021;1892951134281529092;OpenShort;81600.166666667;81581.125;-4;0;0;81524.0;0;0;12.780890082871;393.60480282834;4;2;0;
05.11.2025 10:05:20;SiBD;SiZ5;Покупка;4;81804.0;590.00000000001;SiBD_S1762153745;1847862324;1892951134281664847;CloseShort;81600.166666667;81581.125;0;0;0;81751.0;0;0;13.089062906598;908.29345928509;0;-1;0;
05.11.2025 10:05:21;SiBD;SiZ5;Покупка;5;81803.0;0;SiBD_B1762326320;1847862325;1892951134281664857;OpenLongGlob;81803.0;81803.0;5;0;0;81751.0;0;0;13.089062906598;908.29345928509;5;-1;0;
05.11.2025 10:13:50;SiBD;SiZ5;Продажа;1;81936.0;133.0;SiBD_B1762326320;1847862838;1892951134281777934;CloseLongProfit;81803.0;81803.0;4;0;0;81987.0;0;0;13.205415543652;1515.8181082889;4;-3;0;
05.11.2025 10:45:40;SiBD;SiZ5;Продажа;1;82282.0;612.0;SiBD_B1762326320;1847864749;1892951134282179202;CloseLongProfit;81803.0;81803.0;3;0;0;82282.0;0;0;13.762204141693;2471.9223593582;3;-3;0;
05.11.2025 13:10:32;SiBD;SiZ5;Продажа;1;82592.0;1401.0;SiBD_B1762326320;1847873441;1892951134283562222;CloseLongProfit;81803.0;81803.0;2;0;0;82592.0;0;0;15.152606847319;1723.6694445414;2;-3;0;
05.11.2025 13:31:15;SiBD;SiZ5;Продажа;1;82880.0;2478.0;SiBD_B1762326320;1847874683;1892951134283932816;CloseLongProfit;81803.0;81803.0;1;0;0;82880.0;0;0;15.544531054354;3103.1720962959;1;-3;0;
05.11.2025 13:31:15;SiBD;SiZ5;Продажа;1;82880.0;3555.0;SiBD_B1762326320;1847874687;1892951134283933627;CloseLongProfit;81803.0;81803.0;0;0;0;82880.0;0;0;15.544531054354;3103.1720962959;0;-3;0;
06.11.2025 10:37:50;SiBD;SiZ5;Покупка;1;82420.0;0;SiBD_B1762414669;1847950672;1892951138577067719;OpenLong;82420.0;82420.0;1;0;0;82420.0;0;0;17.162847185849;1242.1500528914;1;1;0;
06.11.2025 11:21:40;SiBD;SiZ5;Продажа;1;82687.0;267.0;SiBD_B1762414669;1847953303;1892951138577388833;CloseLongProfit;82420.0;82420.0;0;0;0;82687.0;0;0;17.550195154312;1242.3842943214;0;-3;0;
06.11.2025 12:00:20;SiBD;SiZ5;Покупка;1;82421.0;0;SiBD_B1762419619;1847955624;1892951138577609899;OpenLong;82421.0;82421.0;1;0;0;82421.0;0;0;17.461785025874;1045.5098736912;1;1;0;
06.11.2025 13:56:03;SiBD;SiZ5;Продажа;1;82134.0;-287.0;SiBD_B1762419619;1847962569;1892951138578411758;CloseLong;82421.0;82421.0;0;0;0;82138.0;0;0;17.453142026277;896.51041471025;0;-1;0;
06.11.2025 13:56:08;SiBD;SiZ5;Продажа;2;82134.0;0;SiBD_S1762426563;1847962572;1892951138578412198;OpenShortGlob;82134.0;82134.0;-2;0;0;82138.0;0;0;17.453142026277;896.51041471025;2;-1;0;
06.11.2025 15:30:13;SiBD;SiZ5;Продажа;1;82450.0;0;SiBD_S1762426563;1847968222;1892951138578857501;OpenShort;82134.0;82239.333333333;-3;0;0;82450.0;0;0;17.507178966696;656.19941130994;3;2;0;
06.11.2025 15:31:02;SiBD;SiZ5;Покупка;3;82473.0;-701.00000000001;SiBD_S1762426563;1847968271;1892951138578868785;CloseShort;82134.0;82239.333333333;0;0;0;82471.0;0;0;17.544990275713;682.54608778811;0;-1;0;
06.11.2025 15:31:03;SiBD;SiZ5;Покупка;4;82471.0;0;SiBD_B1762432262;1847968274;1892951138578868974;OpenLongGlob;82471.0;82471.0;4;0;0;82471.0;0;0;17.544990275713;682.54608778811;4;-1;0;
06.11.2025 16:34:54;SiBD;SiZ5;Покупка;1;82156.0;0;SiBD_B1762432262;1847972106;1892951138579172935;OpenLong;82471.0;82408.0;5;0;0;82168.0;0;0;17.380549442121;543.25893543815;5;1;0;
06.11.2025 16:36:11;SiBD;SiZ5;Продажа;5;82131.0;-1385.0;SiBD_B1762432262;1847972174;1892951138579184631;CloseLong;82471.0;82408.0;0;0;0;82132.0;0;0;17.403934917827;560.16815396116;0;-1;0;
06.11.2025 16:36:17;SiBD;SiZ5;Продажа;5;82126.0;0;SiBD_S1762436171;1847972186;1892951138579185927;OpenShortGlob;82126.0;82126.0;-5;0;0;82132.0;0;0;17.403934917827;560.16815396116;5;-1;0;
