SECID,BOARDID,SHORTNAME,SECNAME,PREVSETTLEPRICE,DECIMALS,MINSTEP,LASTTRADEDATE,LASTDELDATE,SECTYPE,LATNAME,ASSETCODE,PREVOPENPOSITION,LOTVOLUME,INITIALMARGIN,HIGHLIMIT,LOWLIMIT,STEPPRICE,LASTSETTLEPRICE,PREVPRICE,IMTIME,BUYSELLFEE,SCALPERFEE,NEGOTIATEDFEE,EXERCISEFEE,SEC_NAME,one_step_price
AAH6,RFUD,AFRICA-3.26,Фьючерсный контракт AFRICA-3.26,63.75,2,0.01,2026-03-20,2026-03-20,AA,AFRICA-3.26,AFRICA,24,1,678.96,66.63,59.39,0.80886,63.01,63.75,2025-11-05 14:03:28,1.02,0.51,0.34,0.34,AFRICA,80.886
AAZ5,RFUD,AFRICA-12.25,Фьючерсный контракт AFRICA-12.25,63.26,2,0.01,2025-12-19,2025-12-19,AA,AFRICA-12.25,AFRICA,208,1,686.64,66.19,58.87,0.80886,62.53,65.0,2025-11-05 14:03:28,1.01,0.51,0.33,0.34,AFRICA,80.886
AEH6,RFUD,AED-3.26,Фьючерсный контракт AED-3.26,23.1,3,0.001,2026-03-19,2026-03-19,AE,AED-3.26,AED,92,1000,3649.78,25.473,21.499,1.0,23.486,0.0,2025-11-05 14:03:28,1.06,0.53,0.35,0.36,AED,1000.0
AEM6,RFUD,AED-6.26,Фьючерсный контракт AED-6.26,24.123,3,0.001,2026-06-18,2026-06-18,AE,AED-6.26,AED,22,1000,3809.48,26.557,22.429,1.0,24.493,0.0,2025-11-05 14:03:28,1.11,0.56,0.37,0.37,AED,1000.0
AEZ5,RFUD,AED-12.25,Фьючерсный контракт AED-12.25,22.161,3,0.001,2025-12-18,2025-12-18,AE,AED-12.25,AED,116,1000,3560.29,24.455,20.567,1.0,22.511,22.161,2025-11-05 14:03:28,1.03,0.52,0.35,0.34,AED,1000.0
AFH6,RFUD,AFLT-3.26,Фьючерсный контракт AFLT-3.26,5412.0,0,1.0,2026-03-19,2026-03-20,AF,AFLT-3.26,AFLT,5130,100,1437.98,6125.0,4721.0,1.0,5423.0,5412.0,2025-11-05 14:03:28,1.08,0.54,0.36,0.0,AFLT,1.0
AFZ5,RFUD,AFLT-12.25,Фьючерсный контракт AFLT-12.25,5192.0,0,1.0,2025-12-18,2025-12-19,AF,AFLT-12.25,AFLT,104292,100,1353.59,5873.0,4537.0,1.0,5205.0,5195.0,2025-11-05 14:03:28,1.03,0.52,0.35,0.0,AFLT,1.0
AGH6,RFUD,ARGT-3.26,Фьючерсный контракт ARGT-3.26,95.77,2,0.01,2026-03-20,2026-03-20,AG,ARGT-3.26,ARGT,24,1,1099.8,99.14,87.4,0.80886,93.27,95.77,2025-11-05 14:03:28,1.53,0.77,0.51,0.51,ARGT,80.886
AGZ5,RFUD,ARGT-12.25,Фьючерсный контракт ARGT-12.25,96.19,2,0.01,2025-12-19,2025-12-19,AG,ARGT-12.25,ARGT,158,1,1111.77,99.21,87.35,0.80886,93.28,96.32,2025-11-05 14:03:28,1.54,0.77,0.52,0.51,ARGT,80.886
AKH6,RFUD,AFKS-3.26,Фьючерсный контракт AFKS-3.26,13299.0,0,1.0,2026-03-19,2026-03-20,AK,AFKS-3.26,AFKS,652,1000,3547.44,15027.0,11561.0,1.0,13294.0,13306.0,2025-11-05 14:03:28,2.63,1.32,0.87,0.0,AFKS,1.0
AKZ5,RFUD,AFKS-12.25,Фьючерсный контракт AFKS-12.25,12792.0,0,1.0,2025-12-18,2025-12-19,AK,AFKS-12.25,AFKS,18676,1000,3341.42,14503.0,11201.0,1.0,12852.0,12763.0,2025-11-05 14:03:28,2.54,1.27,0.85,0.0,AFKS,1.0
ALH6,RFUD,ALRS-3.26,Фьючерсный контракт ALRS-3.26,4220.0,0,1.0,2026-03-19,2026-03-20,AL,ALRS-3.26,ALRS,2744,100,1119.55,4765.0,3671.0,1.0,4218.0,4220.0,2025-11-05 14:03:28,0.84,0.42,0.28,0.0,ALRS,1.0
ALZ5,RFUD,ALRS-12.25,Фьючерсный контракт ALRS-12.25,4058.0,0,1.0,2025-12-18,2025-12-19,AL,ALRS-12.25,ALRS,138588,100,1053.98,4576.0,3536.0,1.0,4056.0,4051.0,2025-11-05 14:03:28,0.8,0.4,0.26,0.0,ALRS,1.0
ANH6,RFUD,ALUM-3.26,Фьючерсный контракт ALUM-3.26,2958.0,1,0.5,2026-03-17,2026-03-17,AN,ALUM-3.26,ALUM,580,100,3213.72,3095.0,2756.0,4.04431,2925.5,2964.0,2025-11-05 14:03:28,3.16,1.58,1.06,1.05,ALUM,8.08862
ANZ5,RFUD,ALUM-12.25,Фьючерсный контракт ALUM-12.25,2908.0,1,0.5,2025-12-16,2025-12-16,AN,ALUM-12.25,ALUM,22720,100,2859.25,3013.5,2708.5,4.04431,2861.0,2908.0,2025-11-05 14:03:28,3.11,1.56,1.04,1.03,ALUM,8.08862
ARH6,RFUD,AMD-3.26,Фьючерсный контракт AMD-3.26,23.02,3,0.001,2026-03-19,2026-03-19,AR,AMD-3.26,AMD,0,100000,6901.17,26.778,19.262,1.0,23.02,0.0,2025-11-03 18:59:30,1.06,0.53,0.35,0.35,AMD,1000.0
ARM6,RFUD,AMD-6.26,Фьючерсный контракт AMD-6.26,24.088,3,0.001,2026-06-18,2026-06-18,AR,AMD-6.26,AMD,0,100000,7076.6,27.922,20.254,1.0,24.088,0.0,2025-11-03 18:59:30,1.11,0.56,0.37,0.37,AMD,1000.0
ARZ5,RFUD,AMD-12.25,Фьючерсный контракт AMD-12.25,22.0,3,0.001,2025-12-18,2025-12-18,AR,AMD-12.25,AMD,38,100000,6802.88,25.715,18.285,1.0,22.0,0.0,2025-11-03 18:59:30,1.01,0.51,0.33,0.34,AMD,1000.0
ASH6,RFUD,ASTR-3.26,Фьючерсный контракт ASTR-3.26,308.0,0,1.0,2026-03-19,2026-03-20,AS,ASTR-3.26,ASTR,19640,1,106.45,364.0,260.0,1.0,312.0,310.0,2025-11-05 14:03:28,0.07,0.04,0.02,0.0,ASTR,1.0
ASZ5,RFUD,ASTR-12.25,Фьючерсный контракт ASTR-12.25,296.0,0,1.0,2025-12-18,2025-12-19,AS,ASTR-12.25,ASTR,456808,1,101.31,349.0,249.0,1.0,299.0,298.0,2025-11-05 14:03:28,0.05,0.03,0.02,0.0,ASTR,1.0
AUH6,RFUD,AUDU-3.26,Фьючерсный контракт AUDU-3.26,0.6558,4,0.0001,2026-03-19,2026-03-19,AU,AUDU-3.26,AUDU,0,1000,7318.49,0.6886,0.6108,8.08861,0.6497,0.0,2025-11-05 14:03:28,2.45,1.23,0.82,0.82,AUDU,80886.09999999999
AUZ5,RFUD,AUDU-12.25,Фьючерсный контракт AUDU-12.25,0.6547,4,0.0001,2025-12-18,2025-12-18,AU,AUDU-12.25,AUDU,14,1000,6952.86,0.6858,0.6114,8.08861,0.6486,0.6556,2025-11-05 14:03:28,2.45,1.23,0.82,0.82,AUDU,80886.09999999999
BBH6,RFUD,ALIBABA-3.26,Фьючерсный контракт ALIBABA-3.26,172.26,2,0.01,2026-03-20,2026-03-20,BB,ALIBABA-3.26,ALIBABA,854,1,2332.99,181.68,156.86,0.80886,169.27,171.74,2025-11-05 14:03:28,2.76,1.38,0.92,0.92,ALIBABA,80.886
BBZ5,RFUD,ALIBABA-12.25,Фьючерсный контракт ALIBABA-12.25,168.24,2,0.01,2025-12-19,2025-12-19,BB,ALIBABA-12.25,ALIBABA,18082,1,2277.13,177.25,152.95,0.80886,165.1,168.35,2025-11-05 14:03:28,2.7,1.35,0.9,0.9,ALIBABA,80.886
BDH6,RFUD,BAIDU-3.26,Фьючерсный контракт BAIDU-3.26,126.77,2,0.01,2026-03-20,2026-03-20,BD,BAIDU-3.26,BAIDU,422,1,1920.37,141.03,120.59,0.80886,130.81,126.43,2025-11-05 14:03:28,2.03,1.02,0.68,0.68,BAIDU,80.886
BDZ5,RFUD,BAIDU-12.25,Фьючерсный контракт BAIDU-12.25,123.64,2,0.01,2025-12-19,2025-12-19,BD,BAIDU-12.25,BAIDU,29080,1,1876.75,137.43,117.41,0.80886,127.42,123.64,2025-11-05 14:03:28,1.98,0.99,0.66,0.66,BAIDU,80.886
BMF6,RFUD,BRM-1.26,Фьючерсный контракт BRM-1.26,63.99,2,0.01,2026-01-05,2026-01-05,BM,BRM-1.26,BRM,1244,1,900.93,70.1,58.44,0.80886,64.27,63.9,2025-11-05 14:03:28,0.68,0.34,0.23,0.23,BRM,80.886
BMG6,RFUD,BRM-2.26,Фьючерсный контракт BRM-2.26,64.13,2,0.01,2026-02-02,2026-02-02,BM,BRM-2.26,BRM,676,1,839.65,69.98,58.26,0.80886,64.12,64.13,2025-11-05 14:03:28,0.68,0.34,0.23,0.23,BRM,80.886
BMH6,RFUD,BRM-3.26,Фьючерсный контракт BRM-3.26,63.95,2,0.01,2026-03-02,2026-03-02,BM,BRM-3.26,BRM,270,1,868.15,70.2,58.14,0.80886,64.17,64.14,2025-11-05 14:03:28,0.68,0.34,0.23,0.23,BRM,80.886
BMJ6,RFUD,BRM-4.26,Фьючерсный контракт BRM-4.26,64.0,2,0.01,2026-04-01,2026-04-01,BM,BRM-4.26,BRM,516,1,896.99,70.51,58.09,0.80886,64.3,64.0,2025-11-05 14:03:28,0.68,0.34,0.23,0.23,BRM,80.886
BMK6,RFUD,BRM-5.26,Фьючерсный контракт BRM-5.26,64.16,2,0.01,2026-05-04,2026-05-04,BM,BRM-5.26,BRM,150,1,924.84,70.92,58.14,0.80886,64.53,64.16,2025-11-05 14:03:28,0.68,0.34,0.23,0.23,BRM,80.886
BMM6,RFUD,BRM-6.26,Фьючерсный контракт BRM-6.26,63.73,2,0.01,2026-06-01,2026-06-01,BM,BRM-6.26,BRM,2,1,932.89,71.22,58.34,0.80886,64.78,0.0,2025-11-05 14:03:28,0.68,0.34,0.23,0.23,BRM,80.886
BMZ5,RFUD,BRM-12.25,Фьючерсный контракт BRM-12.25,64.58,2,0.01,2025-12-01,2025-12-01,BM,BRM-12.25,BRM,12380,1,771.1,70.19,59.33,0.80886,64.76,64.61,2025-11-05 14:03:28,0.69,0.35,0.23,0.23,BRM,80.886
BNH6,RFUD,BANE-3.26,Фьючерсный контракт BANE-3.26,1543.0,0,1.0,2026-03-19,2026-03-20,BN,BANE-3.26,BANE,748,1,523.97,1764.0,1252.0,1.0,1508.0,1543.0,2025-11-05 14:03:28,0.31,0.16,0.1,0.0,BANE,1.0
BNZ5,RFUD,BANE-12.25,Фьючерсный контракт BANE-12.25,1501.0,0,1.0,2025-12-18,2025-12-19,BN,BANE-12.25,BANE,12420,1,499.33,1719.0,1227.0,1.0,1473.0,1503.0,2025-11-05 14:03:28,0.3,0.15,0.1,0.0,BANE,1.0
BRF6,RFUD,BR-1.26,Фьючерсный контракт BR-1.26,64.05,2,0.01,2026-01-05,2026-01-05,BR,BR-1.26,BR,17216,10,9007.73,70.08,58.42,8.08861,64.25,64.09,2025-11-05 14:03:28,6.84,3.42,2.28,2.28,BR,808.8609999999999
BRG6,RFUD,BR-2.26,Фьючерсный контракт BR-2.26,63.63,2,0.01,2026-02-02,2026-02-02,BR,BR-2.26,BR,3722,10,8392.44,69.79,58.09,8.08861,63.94,63.63,2025-11-05 14:03:28,6.8,3.4,2.26,2.26,BR,808.8609999999999
BRH6,RFUD,BR-3.26,Фьючерсный контракт BR-3.26,63.44,2,0.01,2026-03-02,2026-03-02,BR,BR-3.26,BR,1868,10,8672.83,69.83,57.77,8.08861,63.8,63.38,2025-11-05 14:03:28,6.77,3.39,2.26,2.26,BR,808.8609999999999
BRJ6,RFUD,BR-4.26,Фьючерсный контракт BR-4.26,63.46,2,0.01,2026-04-01,2026-04-01,BR,BR-4.26,BR,1040,10,8958.38,70.08,57.66,8.08861,63.87,63.46,2025-11-05 14:03:28,6.78,3.39,2.26,2.26,BR,808.8609999999999
BRK6,RFUD,BR-5.26,Фьючерсный контракт BR-5.26,63.7,2,0.01,2026-05-04,2026-05-04,BR,BR-5.26,BR,462,10,9234.97,70.47,57.71,8.08861,64.09,63.7,2025-11-05 14:03:28,6.8,3.4,2.26,2.27,BR,808.8609999999999
BRM6,RFUD,BR-6.26,Фьючерсный контракт BR-6.26,64.0,2,0.01,2026-06-01,2026-06-01,BR,BR-6.26,BR,6,10,9309.8,70.58,57.74,8.08861,64.16,0.0,2025-11-05 14:03:28,6.83,3.42,2.28,2.28,BR,808.8609999999999
BRZ5,RFUD,BR-12.25,Фьючерсный контракт BR-12.25,64.6,2,0.01,2025-12-01,2025-12-01,BR,BR-12.25,BR,159942,10,7709.82,70.18,59.32,8.08861,64.75,64.57,2025-11-05 14:03:28,6.9,3.45,2.3,2.3,BR,808.8609999999999
BSH6,RFUD,BSPB-3.26,Фьючерсный контракт BSPB-3.26,3525.0,0,1.0,2026-03-19,2026-03-20,BS,BSPB-3.26,BSPB,710,10,1239.76,4157.0,2947.0,1.0,3552.0,3519.0,2025-11-05 14:03:28,0.7,0.35,0.23,0.0,BSPB,1.0
BSZ5,RFUD,BSPB-12.25,Фьючерсный контракт BSPB-12.25,3451.0,0,1.0,2025-12-18,2025-12-19,BS,BSPB-12.25,BSPB,64594,10,1181.78,4062.0,2896.0,1.0,3479.0,3447.0,2025-11-05 14:03:28,0.68,0.34,0.23,0.0,BSPB,1.0
BYH6,RFUD,BYN-3.26,Фьючерсный контракт BYN-3.26,28.84,2,0.01,2026-03-19,2026-03-19,BY,BYN-3.26,BYN,2,1000,4411.78,31.21,26.41,10.0,28.81,0.0,2025-11-05 14:03:28,1.34,0.67,0.45,0.44,BYN,1000.0
BYZ5,RFUD,BYN-12.25,Фьючерсный контракт BYN-12.25,27.76,2,0.01,2025-12-18,2025-12-18,BY,BYN-12.25,BYN,4,1000,4303.86,30.2,25.5,10.0,27.85,27.76,2025-11-05 14:03:28,1.29,0.65,0.43,0.43,BYN,1000.0
BZH6,RFUD,BRAZIL-3.26,Фьючерсный контракт BRAZIL-3.26,30.89,2,0.01,2026-03-20,2026-03-20,BZ,BRAZIL-3.26,BRAZIL,176,1,387.61,32.9,28.76,0.80886,30.83,30.62,2025-11-05 14:03:28,0.49,0.25,0.16,0.16,BRAZIL,80.886
BZZ5,RFUD,BRAZIL-12.25,Фьючерсный контракт BRAZIL-12.25,30.66,2,0.01,2025-12-19,2025-12-19,BZ,BRAZIL-12.25,BRAZIL,1122,1,391.33,32.52,28.36,0.80886,30.44,30.54,2025-11-05 14:03:28,0.49,0.25,0.16,0.16,BRAZIL,80.886
CAH6,RFUD,UCAD-3.26,Фьючерсный контракт UCAD-3.26,1.4057,4,0.0001,2026-03-19,2026-03-19,CA,UCAD-3.26,UCAD,12,1000,10690.64,1.4842,1.3432,5.77016,1.4137,0.0,2025-11-05 14:03:28,3.74,1.87,1.25,1.25,UCAD,57701.59999999999
CAZ5,RFUD,UCAD-12.25,Фьючерсный контракт UCAD-12.25,1.4007,4,0.0001,2025-12-18,2025-12-18,CA,UCAD-12.25,UCAD,52,1000,10333.16,1.4779,1.3411,5.77016,1.4095,1.4007,2025-11-05 14:03:28,3.74,1.87,1.25,1.24,UCAD,57701.59999999999
CCH6,RFUD,COCOA-3.26,Фьючерсный контракт COCOA-3.26,549.3,1,0.1,2026-03-17,2026-03-17,CC,COCOA-3.26,COCOA,22784,10,928.06,613.9,523.1,1.0,568.5,550.6,2025-11-05 14:03:28,0.73,0.37,0.24,0.24,COCOA,10.0
CCZ5,RFUD,COCOA-12.25,Фьючерсный контракт COCOA-12.25,530.1,1,0.1,2025-12-16,2025-12-16,CC,COCOA-12.25,COCOA,504588,10,844.81,594.3,510.9,1.0,552.6,530.0,2025-11-05 14:03:28,0.7,0.35,0.23,0.23,COCOA,10.0
CEH6,RFUD,COPPER-3.26,Фьючерсный контракт COPPER-3.26,11050.0,0,1.0,2026-03-17,2026-03-17,CE,COPPER-3.26,COPPER,11230,10,1202.08,11542.0,10272.0,0.80886,10907.0,11067.0,2025-11-05 14:03:28,1.18,0.59,0.4,0.39,COPPER,0.80886
CEZ5,RFUD,COPPER-12.25,Фьючерсный контракт COPPER-12.25,10864.0,0,1.0,2025-12-16,2025-12-16,CE,COPPER-12.25,COPPER,94008,10,1070.15,11279.0,10137.0,0.80886,10708.0,10864.0,2025-11-05 14:03:28,1.16,0.58,0.38,0.39,COPPER,0.80886
CFH6,RFUD,UCHF-3.26,Фьючерсный контракт UCHF-3.26,0.8009,4,0.0001,2026-03-19,2026-03-19,CF,UCHF-3.26,UCHF,38,1000,8899.32,0.8454,0.7646,10.08932,0.805,0.0,2025-11-05 14:03:28,3.74,1.87,1.25,1.24,UCHF,100893.2
CFZ5,RFUD,UCHF-12.25,Фьючерсный контракт UCHF-12.25,0.8042,4,0.0001,2025-12-18,2025-12-18,CF,UCHF-12.25,UCHF,100820,1000,8607.86,0.8475,0.7691,10.08932,0.8083,0.8058,2025-11-05 14:03:28,3.74,1.87,1.25,1.25,UCHF,100893.2
CHH6,RFUD,CHMF-3.26,Фьючерсный контракт CHMF-3.26,91769.0,0,1.0,2026-03-19,2026-03-20,CH,CHMF-3.26,CHMF,162,100,19975.09,101563.0,82031.0,1.0,91797.0,91769.0,2025-11-05 14:03:28,18.17,9.09,6.05,0.0,CHMF,1.0
CHZ5,RFUD,CHMF-12.25,Фьючерсный контракт CHMF-12.25,88115.0,0,1.0,2025-12-18,2025-12-19,CH,CHMF-12.25,CHMF,5198,100,18601.94,97576.0,79190.0,1.0,88383.0,88162.0,2025-11-05 14:03:28,17.44,8.72,5.81,0.0,CHMF,1.0
CIH6,RFUD,CHINA-3.26,Фьючерсный контракт CHINA-3.26,63.94,2,0.01,2026-03-20,2026-03-20,CI,CHINA-3.26,CHINA,32,1,680.14,67.37,60.11,0.80886,63.74,65.0,2025-11-05 14:03:28,1.03,0.52,0.35,0.34,CHINA,80.886
CIZ5,RFUD,CHINA-12.25,Фьючерсный контракт CHINA-12.25,63.46,2,0.01,2025-12-19,2025-12-19,CI,CHINA-12.25,CHINA,260,1,687.45,66.26,58.94,0.80886,62.6,63.3,2025-11-05 14:03:28,1.01,0.51,0.33,0.34,CHINA,80.886
CMH6,RFUD,CBOM-3.26,Фьючерсный контракт CBOM-3.26,7121.0,0,1.0,2026-03-19,2026-03-20,CM,CBOM-3.26,CBOM,32,1000,2465.75,8351.0,5943.0,1.0,7147.0,6910.0,2025-11-05 14:03:28,1.41,0.71,0.47,0.0,CBOM,1.0
CMZ5,RFUD,CBOM-12.25,Фьючерсный контракт CBOM-12.25,6987.0,0,1.0,2025-12-18,2025-12-19,CM,CBOM-12.25,CBOM,4926,1000,2348.4,8075.0,5755.0,1.0,6915.0,6987.0,2025-11-05 14:03:28,1.39,0.7,0.47,0.0,CBOM,1.0
CNYRUBF,RFUD,CNYRUBF,CNYRUBF,11.161,3,0.001,2100-01-01,2100-01-01,CN,CNYRUBF,CNYRUBTOM,14074382,1000,914.23,11.888,10.884,1.0,11.386,11.175,2025-11-05 14:03:28,0.52,0.26,0.17,11.16,CNYRUBF,1000.0
CRH6,RFUD,CNY-3.26,Фьючерсный контракт CNY-3.26,11.729,3,0.001,2026-03-19,2026-03-19,CR,CNY-3.26,CNY,3118474,1000,1199.66,12.606,11.312,1.0,11.959,11.729,2025-11-05 14:03:28,0.54,0.27,0.18,0.18,CNY,1000.0
CRH7,RFUD,CNY-3.27,Фьючерсный контракт CNY-3.27,13.081,3,0.001,2027-03-18,2027-03-18,CR,CNY-3.27,CNY,680,1000,1707.98,14.119,12.481,1.0,13.3,13.097,2025-11-05 14:03:28,0.61,0.31,0.21,0.2,CNY,1000.0
CRM6,RFUD,CNY-6.26,Фьючерсный контракт CNY-6.26,11.993,3,0.001,2026-06-18,2026-06-18,CR,CNY-6.26,CNY,157010,1000,1238.61,12.884,11.552,1.0,12.218,11.989,2025-11-05 14:03:28,0.56,0.28,0.19,0.18,CNY,1000.0
CRU6,RFUD,CNY-9.26,Фьючерсный контракт CNY-9.26,12.26,3,0.001,2026-09-17,2026-09-17,CR,CNY-9.26,CNY,24942,1000,1383.0,13.227,11.749,1.0,12.488,12.262,2025-11-05 14:03:28,0.57,0.29,0.19,0.19,CNY,1000.0
CRZ5,RFUD,CNY-12.25,Фьючерсный контракт CNY-12.25,11.372,3,0.001,2025-12-18,2025-12-18,CR,CNY-12.25,CNY,30078556,1000,1059.18,12.181,11.029,1.0,11.605,11.373,2025-11-05 14:03:28,0.52,0.26,0.17,0.18,CNY,1000.0
CRZ6,RFUD,CNY-12.26,Фьючерсный контракт CNY-12.26,12.56,3,0.001,2026-12-17,2026-12-17,CR,CNY-12.26,CNY,10062,1000,1534.33,13.498,12.018,1.0,12.758,12.56,2025-11-05 14:03:28,0.58,0.29,0.19,0.19,CNY,1000.0
CSH6,RFUD,CNI-3.26,Фьючерсный контракт CNI-3.26,6845.0,0,1.0,2026-03-19,2026-03-19,CS,CNI-3.26,CNI,4,1,1551.55,7646.0,6130.0,1.0,6888.0,0.0,2025-11-05 14:03:28,0.45,0.23,0.15,0.15,CNI,1.0
CSZ5,RFUD,CNI-12.25,Фьючерсный контракт CNI-12.25,6719.0,0,1.0,2025-12-18,2025-12-18,CS,CNI-12.25,CNI,42,1,1448.35,7476.0,6046.0,1.0,6761.0,0.0,2025-11-05 14:03:28,0.44,0.22,0.14,0.15,CNI,1.0
DJH6,RFUD,DJ30-3.26,Фьючерсный контракт DJ30-3.26,477.9,1,0.1,2026-03-20,2026-03-20,DJ,DJ30-3.26,DJ30,22,1,4885.12,501.4,449.4,8.08861,475.4,0.0,2025-11-05 14:03:28,7.65,3.83,2.55,2.55,DJ30,80.88609999999998
DJZ5,RFUD,DJ30-12.25,Фьючерсный контракт DJ30-12.25,473.9,1,0.1,2025-12-19,2025-12-19,DJ,DJ30-12.25,DJ30,624,1,4738.61,497.0,446.6,8.08861,471.8,473.1,2025-11-05 14:03:28,7.59,3.8,2.53,2.53,DJ30,80.88609999999998
DXH6,RFUD,DAX-3.26,Фьючерсный контракт DAX-3.26,19944.0,0,1.0,2026-03-20,2026-03-20,DX,DAX-3.26,DAX,520,100,2566.85,20844.0,18478.0,0.93385,19661.0,19944.0,2025-11-05 14:03:28,3.69,1.85,1.23,1.23,DAX,0.93385
DXZ5,RFUD,DAX-12.25,Фьючерсный контракт DAX-12.25,20001.0,0,1.0,2025-12-19,2025-12-19,DX,DAX-12.25,DAX,8050,100,2497.68,20854.0,18546.0,0.93385,19700.0,20001.0,2025-11-05 14:03:28,3.7,1.85,1.23,1.23,DAX,0.93385
ECH6,RFUD,ECAD-3.26,Фьючерсный контракт ECAD-3.26,1.5334,4,0.0001,2026-03-19,2026-03-19,EC,ECAD-3.26,ECAD,0,1000,12763.06,1.6176,1.4492,5.77016,1.5334,0.0,2025-11-03 18:59:30,4.09,2.05,1.36,1.36,ECAD,57701.59999999999
ECZ5,RFUD,ECAD-12.25,Фьючерсный контракт ECAD-12.25,1.53,4,0.0001,2025-12-18,2025-12-18,EC,ECAD-12.25,ECAD,2,1000,12372.38,1.6119,1.4481,5.77016,1.53,1.53,2025-11-03 18:59:30,4.07,2.04,1.36,1.36,ECAD,57701.59999999999
EDH6,RFUD,ED-3.26,Фьючерсный контракт ED-3.26,1.1511,4,0.0001,2026-03-19,2026-03-19,ED,ED-3.26,ED,75332,1000,6479.53,1.1994,1.096,8.08861,1.1477,1.1508,2025-11-05 14:03:28,4.3,2.15,1.43,1.43,ED,80886.09999999999
EDM6,RFUD,ED-6.26,Фьючерсный контракт ED-6.26,1.1491,4,0.0001,2026-06-18,2026-06-18,ED,ED-6.26,ED,420,1000,7075.91,1.2006,1.0882,8.08861,1.1444,1.1509,2025-11-05 14:03:28,4.3,2.15,1.43,1.43,ED,80886.09999999999
EDU6,RFUD,ED-9.26,Фьючерсный контракт ED-9.26,1.148,4,0.0001,2026-09-17,2026-09-17,ED,ED-9.26,ED,8,1000,7785.92,1.2061,1.0829,8.08861,1.1445,0.0,2025-11-05 14:03:28,4.29,2.15,1.43,1.43,ED,80886.09999999999
EDZ5,RFUD,ED-12.25,Фьючерсный контракт ED-12.25,1.1517,4,0.0001,2025-12-18,2025-12-18,ED,ED-12.25,ED,690654,1000,5869.42,1.1952,1.101,8.08861,1.1481,1.1518,2025-11-05 14:03:28,4.3,2.15,1.43,1.43,ED,80886.09999999999
EGH6,RFUD,EGBP-3.26,Фьючерсный контракт EGBP-3.26,0.9035,4,0.0001,2026-03-19,2026-03-19,EG,EGBP-3.26,EGBP,0,1000,11725.94,0.9531,0.8539,10.6341,0.9035,0.0,2025-11-03 18:59:30,4.44,2.22,1.48,1.48,EGBP,106341.0
EGZ5,RFUD,EGBP-12.25,Фьючерсный контракт EGBP-12.25,0.9014,4,0.0001,2025-12-18,2025-12-18,EG,EGBP-12.25,EGBP,0,1000,11366.89,0.9496,0.8532,10.6341,0.9014,0.0,2025-11-03 18:59:30,4.42,2.21,1.48,1.48,EGBP,106341.0
EJH6,RFUD,EJPY-3.26,Фьючерсный контракт EJPY-3.26,160.08,2,0.01,2026-03-19,2026-03-19,EJ,EJPY-3.26,EJPY,0,1000,10087.15,168.88,151.28,5.253,160.08,0.0,2025-11-03 18:59:30,3.88,1.94,1.29,1.29,EJPY,525.3
EJZ5,RFUD,EJPY-12.25,Фьючерсный контракт EJPY-12.25,159.9,2,0.01,2025-12-18,2025-12-18,EJ,EJPY-12.25,EJPY,0,1000,9779.36,168.46,151.34,5.253,159.9,0.0,2025-11-03 18:59:30,3.88,1.94,1.29,1.29,EJPY,525.3
EMH6,RFUD,EM-3.26,Фьючерсный контракт EM-3.26,56.35,2,0.01,2026-03-20,2026-03-20,EM,EM-3.26,EM,62,1,409.36,57.38,53.04,0.80886,55.21,56.59,2025-11-05 14:03:28,0.9,0.45,0.3,0.3,EM,80.886
EMZ5,RFUD,EM-12.25,Фьючерсный контракт EM-12.25,55.51,2,0.01,2025-12-19,2025-12-19,EM,EM-12.25,EM,3160,1,392.44,56.34,52.16,0.80886,54.25,55.39,2025-11-05 14:03:28,0.89,0.45,0.3,0.3,EM,80.886
ETH6,RFUD,ETHA-3.26,Фьючерсный контракт ETHA-3.26,29.05,2,0.01,2026-03-20,2026-03-20,ET,ETHA-3.26,ETHA,61718,1,852.17,31.3,22.2,0.80886,26.75,28.99,2025-11-05 14:03:28,0.94,0.47,0.47,0.16,ETHA,80.886
ETZ5,RFUD,ETHA-12.25,Фьючерсный контракт ETHA-12.25,27.98,2,0.01,2025-12-19,2025-12-19,ET,ETHA-12.25,ETHA,461238,1,855.45,30.12,21.0,0.80886,25.56,27.93,2025-11-05 14:03:28,0.9,0.45,0.45,0.15,ETHA,80.886
EuH6,RFUD,Eu-3.26,Фьючерсный контракт Eu-3.26,96418.0,0,1.0,2026-03-19,2026-03-19,Eu,Eu-3.26,Eu,160670,1000,15334.92,106405.0,89905.0,1.0,98155.0,96304.0,2025-11-05 14:03:28,4.45,2.23,1.48,1.48,Eu,1.0
EuM6,RFUD,Eu-6.26,Фьючерсный контракт Eu-6.26,99756.0,0,1.0,2026-06-18,2026-06-18,Eu,Eu-6.26,Eu,536,1000,15982.59,109690.0,92566.0,1.0,101128.0,0.0,2025-11-05 14:03:28,4.61,2.31,1.53,1.54,Eu,1.0
EURRUBF,RFUD,EURRUBF,EURRUBF,93.38,2,0.01,2100-01-01,2100-01-01,EU,EURRUBF,EURRUBTOM,138168,1000,14025.38,101.09,85.67,10.0,93.38,92.12,2025-11-03 18:59:30,4.31,2.16,1.44,93.38,EURRUBF,1000.0
EuU6,RFUD,Eu-9.26,Фьючерсный контракт Eu-9.26,103243.0,0,1.0,2026-09-17,2026-09-17,Eu,Eu-9.26,Eu,78,1000,16797.37,113910.0,96000.0,1.0,104955.0,0.0,2025-11-05 14:03:28,4.77,2.39,1.59,1.59,Eu,1.0
EuZ5,RFUD,Eu-12.25,Фьючерсный контракт Eu-12.25,93280.0,0,1.0,2025-12-18,2025-12-18,Eu,Eu-12.25,Eu,1805056,1000,14781.74,103182.0,87034.0,1.0,95108.0,93311.0,2025-11-05 14:03:28,4.31,2.16,1.44,1.44,Eu,1.0
EuZ6,RFUD,Eu-12.26,Фьючерсный контракт Eu-12.26,107658.0,0,1.0,2026-12-17,2026-12-17,Eu,Eu-12.26,Eu,42,1000,17442.91,116865.0,98155.0,1.0,107510.0,107000.0,2025-11-05 14:03:28,4.98,2.49,1.66,1.66,Eu,1.0
FEH6,RFUD,FESH-3.26,Фьючерсный контракт FESH-3.26,5215.0,0,1.0,2026-03-19,2026-03-20,FE,FESH-3.26,FESH,218,100,1798.58,6112.0,4356.0,1.0,5234.0,5169.0,2025-11-05 14:03:28,1.03,0.52,0.35,0.0,FESH,1.0
FEZ5,RFUD,FESH-12.25,Фьючерсный контракт FESH-12.25,5027.0,0,1.0,2025-12-18,2025-12-19,FE,FESH-12.25,FESH,15788,100,1712.47,5889.0,4197.0,1.0,5043.0,5027.0,2025-11-05 14:03:28,0.99,0.5,0.33,0.0,FESH,1.0
FFX5,RFUD,TTF-11.25,Фьючерсный контракт TTF-11.25,32.28,3,0.005,2025-11-28,2025-11-28,FF,TTF-11.25,TTF,219998,1,1160.31,37.92,27.21,0.46692,32.565,32.28,2025-11-05 14:03:28,0.4,0.2,0.14,0.13,TTF,93.384
FFZ5,RFUD,TTF-12.25,Фьючерсный контракт TTF-12.25,31.87,3,0.005,2025-12-30,2025-12-30,FF,TTF-12.25,TTF,2806,1,1217.26,37.69,26.59,0.46692,32.14,31.94,2025-11-05 14:03:28,0.4,0.2,0.14,0.13,TTF,93.384
FLH6,RFUD,FLOT-3.26,Фьючерсный контракт FLOT-3.26,7928.0,0,1.0,2026-03-19,2026-03-20,FL,FLOT-3.26,FLOT,218,100,1502.08,8698.0,7230.0,1.0,7964.0,7927.0,2025-11-05 14:03:28,1.57,0.79,0.52,0.0,FLOT,1.0
FLZ5,RFUD,FLOT-12.25,Фьючерсный контракт FLOT-12.25,7677.0,0,1.0,2025-12-18,2025-12-19,FL,FLOT-12.25,FLOT,6302,100,1385.7,8352.0,6984.0,1.0,7668.0,7677.0,2025-11-05 14:03:28,1.52,0.76,0.51,0.0,FLOT,1.0
FNH6,RFUD,FNI-3.26,Фьючерсный контракт FNI-3.26,9321.0,0,1.0,2026-03-19,2026-03-19,FN,FNI-3.26,FNI,14,1,2116.62,10518.0,8450.0,1.0,9484.0,9432.0,2025-11-05 14:03:28,0.61,0.31,0.21,0.21,FNI,1.0
FNZ5,RFUD,FNI-12.25,Фьючерсный контракт FNI-12.25,9149.0,0,1.0,2025-12-18,2025-12-18,FN,FNI-12.25,FNI,310,1,1973.62,10188.0,8238.0,1.0,9213.0,9081.0,2025-11-05 14:03:28,0.61,0.31,0.21,0.2,FNI,1.0
FSH6,RFUD,FEES-3.26,Фьючерсный контракт FEES-3.26,6771.0,0,1.0,2026-03-19,2026-03-20,FS,FEES-3.26,FEES,1138,100000,1475.56,7461.0,6019.0,1.0,6740.0,6780.0,2025-11-05 14:03:28,1.34,0.67,0.45,0.0,FEES,1.0
FSZ5,RFUD,FEES-12.25,Фьючерсный контракт FEES-12.25,6535.0,0,1.0,2025-12-18,2025-12-19,FS,FEES-12.25,FEES,10776,100000,1375.15,7211.0,5853.0,1.0,6532.0,6535.0,2025-11-05 14:03:28,1.29,0.65,0.43,0.0,FEES,1.0
GAZPF,RFUD,GAZPF,GAZPF,117.6,2,0.01,2100-01-01,2100-01-01,GA,GAZPF,GAZPF,320768,100,1998.8,127.35,107.37,1.0,117.36,117.77,2025-11-05 14:03:28,3.53,1.77,1.76,11.76,GAZPF,100.0
GDH6,RFUD,GOLD-3.26,Фьючерсный контракт GOLD-3.26,4028.6,1,0.1,2026-03-20,2026-03-20,GD,GOLD-3.26,GOLD,45868,1,22395.43,4086.5,3848.1,8.08861,3967.3,4027.0,2025-11-05 14:03:28,43.01,21.51,14.33,14.34,GOLD,80.88609999999998
GDM6,RFUD,GOLD-6.26,Фьючерсный контракт GOLD-6.26,4080.0,1,0.1,2026-06-19,2026-06-19,GD,GOLD-6.26,GOLD,2546,1,24552.31,4148.2,3887.8,8.08861,4018.0,4080.0,2025-11-05 14:03:28,43.56,21.78,14.52,14.52,GOLD,80.88609999999998
GDU6,RFUD,GOLD-9.26,Фьючерсный контракт GOLD-9.26,4138.8,1,0.1,2026-09-18,2026-09-18,GD,GOLD-9.26,GOLD,958,1,27174.54,4226.0,3939.2,8.08861,4082.6,4138.8,2025-11-05 14:03:28,44.19,22.1,14.73,14.73,GOLD,80.88609999999998
GDZ5,RFUD,GOLD-12.25,Фьючерсный контракт GOLD-12.25,4025.3,1,0.1,2025-12-19,2025-12-19,GD,GOLD-12.25,GOLD,402252,1,21244.45,4077.0,3850.2,8.08861,3963.6,4023.6,2025-11-05 14:03:28,42.98,21.49,14.33,14.33,GOLD,80.88609999999998
GKH6,RFUD,GMKN-3.26,Фьючерсный контракт GMKN-3.26,1346.0,0,1.0,2026-03-19,2026-03-20,GK,GMKN-3.26,GMKN,24664,10,252.53,1464.0,1218.0,1.0,1341.0,1346.0,2025-11-05 14:03:28,0.26,0.13,0.09,0.0,GMKN,1.0
GKZ5,RFUD,GMKN-12.25,Фьючерсный контракт GMKN-12.25,1295.0,0,1.0,2025-12-18,2025-12-19,GK,GMKN-12.25,GMKN,893484,10,232.91,1403.0,1173.0,1.0,1288.0,1294.0,2025-11-05 14:03:28,0.26,0.13,0.09,0.0,GMKN,1.0
GLDRUBF,RFUD,GLDRUBF,GLDRUBF,10333.5,1,0.1,2100-01-01,2100-01-01,GL,GLDRUBF,GLDRUBTOM,1119932,1,1037.46,10898.2,9757.6,0.1,10327.9,10331.3,2025-11-05 14:03:28,1.36,0.68,0.45,10.33,GLDRUBF,1.0
GLH6,RFUD,GL-3.26,Фьючерсный контракт GL-3.26,10843.0,1,0.1,2026-03-19,2026-03-19,GL,GL-3.26,GL,35432,1,1255.21,11545.2,10187.6,0.1,10866.4,10843.0,2025-11-05 14:03:28,1.43,0.72,0.47,0.48,GL,1.0
GLM6,RFUD,GL-6.26,Фьючерсный контракт GL-6.26,11241.2,1,0.1,2026-06-18,2026-06-18,GL,GL-6.26,GL,3618,1,1262.55,11959.4,10593.8,0.1,11276.6,11241.2,2025-11-05 14:03:28,1.48,0.74,0.49,0.49,GL,1.0
GLU6,RFUD,GL-9.26,Фьючерсный контракт GL-9.26,11657.9,1,0.1,2026-09-17,2026-09-17,GL,GL-9.26,GL,1250,1,1367.71,12430.6,10960.0,0.1,11695.3,11657.9,2025-11-05 14:03:28,1.53,0.77,0.51,0.51,GL,1.0
GLZ5,RFUD,GL-12.25,Фьючерсный контракт GL-12.25,10500.0,1,0.1,2025-12-18,2025-12-18,GL,GL-12.25,GL,1055894,1,1169.67,11153.5,9881.1,0.1,10517.3,10495.0,2025-11-05 14:03:28,1.39,0.7,0.47,0.46,GL,1.0
GUH6,RFUD,GBPU-3.26,Фьючерсный контракт GBPU-3.26,1.3088,4,0.0001,2026-03-19,2026-03-19,GU,GBPU-3.26,GBPU,14,1000,13456.04,1.3724,1.2292,8.08861,1.3008,0.0,2025-11-05 14:03:28,4.89,2.45,1.63,1.63,GBPU,80886.09999999999
GUZ5,RFUD,GBPU-12.25,Фьючерсный контракт GBPU-12.25,1.3091,4,0.0001,2025-12-18,2025-12-18,GU,GBPU-12.25,GBPU,4874,1000,12731.54,1.3692,1.233,8.08861,1.3011,1.3091,2025-11-05 14:03:28,4.89,2.45,1.63,1.63,GBPU,80886.09999999999
GZH6,RFUD,GAZR-3.26,Фьючерсный контракт GAZR-3.26,12516.0,0,1.0,2026-03-19,2026-03-20,GZ,GAZR-3.26,GAZR,18026,100,2523.6,13640.0,11346.0,1.0,12493.0,12521.0,2025-11-05 14:03:28,2.47,1.24,0.82,0.0,GAZR,1.0
GZM6,RFUD,GAZR-6.26,Фьючерсный контракт GAZR-6.26,13106.0,0,1.0,2026-06-18,2026-06-19,GZ,GAZR-6.26,GAZR,22008,100,2465.4,14230.0,11834.0,1.0,13032.0,13107.0,2025-11-05 14:03:28,2.59,1.3,0.87,0.0,GAZR,1.0
GZU6,RFUD,GAZR-9.26,Фьючерсный контракт GAZR-9.26,13629.0,0,1.0,2026-09-17,2026-09-18,GZ,GAZR-9.26,GAZR,1404,100,2476.48,14784.0,12376.0,1.0,13580.0,13622.0,2025-11-05 14:03:28,2.7,1.35,0.9,0.0,GAZR,1.0
GZZ5,RFUD,GAZR-12.25,Фьючерсный контракт GAZR-12.25,12011.0,0,1.0,2025-12-18,2025-12-19,GZ,GAZR-12.25,GAZR,1361406,100,2164.49,13046.0,10908.0,1.0,11977.0,12015.0,2025-11-05 14:03:28,2.38,1.19,0.8,0.0,GAZR,1.0
HDH6,RFUD,HEAD-3.26,Фьючерсный контракт HEAD-3.26,2919.0,0,1.0,2026-03-19,2026-03-20,HD,HEAD-3.26,HEAD,742,1,1030.17,3414.0,2408.0,1.0,2911.0,2919.0,2025-11-05 14:03:28,0.58,0.29,0.19,0.0,HEAD,1.0
HDZ5,RFUD,HEAD-12.25,Фьючерсный контракт HEAD-12.25,2900.0,0,1.0,2025-12-18,2025-12-19,HD,HEAD-12.25,HEAD,37478,1,983.09,3386.0,2416.0,1.0,2901.0,2900.0,2025-11-05 14:03:28,0.57,0.29,0.19,0.0,HEAD,1.0
HKH6,RFUD,HKD-3.26,Фьючерсный контракт HKD-3.26,10.922,3,0.001,2026-03-19,2026-03-19,HK,HKD-3.26,HKD,164,1000,1692.01,12.259,9.747,1.0,11.003,10.922,2025-11-05 14:03:28,0.5,0.25,0.17,0.17,HKD,1000.0
HKM6,RFUD,HKD-6.26,Фьючерсный контракт HKD-6.26,11.468,3,0.001,2026-06-18,2026-06-18,HK,HKD-6.26,HKD,50,1000,1768.63,12.904,10.29,1.0,11.597,0.0,2025-11-05 14:03:28,0.53,0.27,0.18,0.18,HKD,1000.0
HKZ5,RFUD,HKD-12.25,Фьючерсный контракт HKD-12.25,10.437,3,0.001,2025-12-18,2025-12-18,HK,HKD-12.25,HKD,900,1000,1650.73,11.858,9.4,1.0,10.629,10.414,2025-11-05 14:03:28,0.49,0.25,0.16,0.16,HKD,1000.0
HOH6,RFUD,HOME-3.26,Фьючерсный контракт HOME-3.26,33500.0,0,10.0,2026-03-18,2026-03-18,HO,HOME-3.26,HOME,36,1,2834.15,34940.0,32180.0,10.0,33560.0,34030.0,2025-11-05 14:03:28,2.21,1.11,0.73,0.74,HOME,1.0
HOZ5,RFUD,HOME-12.25,Фьючерсный контракт HOME-12.25,32900.0,0,10.0,2025-12-24,2025-12-24,HO,HOME-12.25,HOME,410,1,2452.02,34200.0,31780.0,10.0,32990.0,32940.0,2025-11-05 14:03:28,2.17,1.09,0.73,0.72,HOME,1.0
HSH6,RFUD,HANG-3.26,Фьючерсный контракт HANG-3.26,26649.0,0,1.0,2026-03-20,2026-03-20,HS,HANG-3.26,HANG,5440,1000,443.8,28124.0,24460.0,0.10428,26292.0,26610.0,2025-11-05 14:03:28,0.55,0.28,0.19,0.18,HANG,0.10428
HSZ5,RFUD,HANG-12.25,Фьючерсный контракт HANG-12.25,26335.0,0,1.0,2025-12-19,2025-12-19,HS,HANG-12.25,HANG,117442,1000,433.1,27925.0,24339.0,0.10428,26132.0,26337.0,2025-11-05 14:03:28,0.54,0.27,0.18,0.18,HANG,0.10428
HYH6,RFUD,HYDR-3.26,Фьючерсный контракт HYDR-3.26,4093.0,0,1.0,2026-03-19,2026-03-20,HY,HYDR-3.26,HYDR,692,10000,888.03,4523.0,3655.0,1.0,4089.0,4100.0,2025-11-05 14:03:28,0.81,0.41,0.27,0.0,HYDR,1.0
HYZ5,RFUD,HYDR-12.25,Фьючерсный контракт HYDR-12.25,3940.0,0,1.0,2025-12-18,2025-12-19,HY,HYDR-12.25,HYDR,17818,10000,826.79,4337.0,3521.0,1.0,3929.0,3958.0,2025-11-05 14:03:28,0.78,0.39,0.26,0.0,HYDR,1.0
I2H6,RFUD,INR-3.26,Фьючерсный контракт INR-3.26,0.9462,4,0.0001,2026-03-19,2026-03-19,I2,INR-3.26,INR,44,10000,1979.61,1.0504,0.8348,1.0,0.9426,0.0,2025-11-05 14:03:28,0.44,0.22,0.14,0.15,INR,10000.0
I2M6,RFUD,INR-6.26,Фьючерсный контракт INR-6.26,0.967,4,0.0001,2026-06-18,2026-06-18,I2,INR-6.26,INR,66,10000,2048.29,1.106,0.884,1.0,0.995,0.967,2025-11-05 14:03:28,0.45,0.23,0.15,0.15,INR,10000.0
I2Z5,RFUD,INR-12.25,Фьючерсный контракт INR-12.25,0.9206,4,0.0001,2025-12-18,2025-12-18,I2,INR-12.25,INR,422,10000,1944.17,1.0385,0.8263,1.0,0.9324,0.9206,2025-11-05 14:03:28,0.42,0.21,0.14,0.14,INR,10000.0
IBH6,RFUD,IBIT-3.26,Фьючерсный контракт IBIT-3.26,63.82,2,0.01,2026-03-20,2026-03-20,IB,IBIT-3.26,IBIT,118176,1,1444.22,68.84,53.48,0.80886,61.16,63.82,2025-11-05 14:03:28,2.07,1.04,1.03,0.34,IBIT,80.886
IBZ5,RFUD,IBIT-12.25,Фьючерсный контракт IBIT-12.25,61.47,2,0.01,2025-12-19,2025-12-19,IB,IBIT-12.25,IBIT,1277008,1,1421.83,66.58,51.42,0.80886,59.0,61.6,2025-11-05 14:03:28,1.99,1.0,0.99,0.33,IBIT,80.886
IMOEXF,RFUD,IMOEXF,IMOEXF,2571.0,1,0.5,2100-01-01,2100-01-01,IM,IMOEXF,IMOEX,1342364,10,2584.48,2705.5,2447.5,5.0,2576.5,2572.0,2025-11-05 14:03:28,1.7,0.85,0.57,25.71,IMOEXF,10.0
IPH6,RFUD,IPO-3.26,Фьючерсный контракт IPO-3.26,571.5,1,0.5,2026-03-19,2026-03-19,IP,IPO-3.26,IPO,1268,1,113.94,623.5,512.5,0.5,568.0,571.5,2025-11-05 14:03:28,0.04,0.02,0.02,0.01,IPO,1.0
IPZ5,RFUD,IPO-12.25,Фьючерсный контракт IPO-12.25,545.0,1,0.5,2025-12-18,2025-12-18,IP,IPO-12.25,IPO,7228,1,105.44,595.5,491.5,0.5,543.5,545.0,2025-11-05 14:03:28,0.04,0.02,0.02,0.01,IPO,1.0
IRH6,RFUD,IRAO-3.26,Фьючерсный контракт IRAO-3.26,29440.0,0,1.0,2026-03-19,2026-03-20,IR,IRAO-3.26,IRAO,186,10000,7851.61,33046.0,25372.0,1.0,29209.0,29266.0,2025-11-05 14:03:28,5.83,2.92,1.95,0.0,IRAO,1.0
IRZ5,RFUD,IRAO-12.25,Фьючерсный контракт IRAO-12.25,28438.0,0,1.0,2025-12-18,2025-12-19,IR,IRAO-12.25,IRAO,8288,10000,7401.03,32123.0,24809.0,1.0,28466.0,28320.0,2025-11-05 14:03:28,5.63,2.82,1.88,0.0,IRAO,1.0
ISH6,RFUD,ISKJ-3.26,Фьючерсный контракт ISKJ-3.26,698.0,0,1.0,2026-03-19,2026-03-20,IS,ISKJ-3.26,ISKJ,724,10,240.7,818.0,584.0,1.0,701.0,698.0,2025-11-05 14:03:28,0.14,0.07,0.05,0.0,ISKJ,1.0
ISZ5,RFUD,ISKJ-12.25,Фьючерсный контракт ISKJ-12.25,675.0,0,1.0,2025-12-18,2025-12-19,IS,ISKJ-12.25,ISKJ,3788,10,229.2,791.0,565.0,1.0,678.0,675.0,2025-11-05 14:03:28,0.14,0.07,0.05,0.0,ISKJ,1.0
JPH6,RFUD,UJPY-3.26,Фьючерсный контракт UJPY-3.26,152.88,2,0.01,2026-03-19,2026-03-19,JP,UJPY-3.26,UJPY,274,1000,9661.82,161.44,144.58,5.253,153.01,0.0,2025-11-05 14:03:28,3.71,1.86,1.24,1.24,UJPY,525.3
JPZ5,RFUD,UJPY-12.25,Фьючерсный контракт UJPY-12.25,152.4,2,0.01,2025-12-18,2025-12-18,JP,UJPY-12.25,UJPY,1676,1000,9368.98,161.39,144.99,5.253,153.19,152.0,2025-11-05 14:03:28,3.7,1.85,1.23,1.23,UJPY,525.3
KCG6,RFUD,COFFEE-2.26,Фьючерсный контракт COFFEE-2.26,3.81,3,0.001,2026-02-19,2026-02-19,KC,COFFEE-2.26,COFFEE,45422,10,455.25,4.089,3.609,0.80886,3.849,3.81,2025-11-05 14:03:28,0.4,0.2,0.14,0.14,COFFEE,808.86
KCX5,RFUD,COFFEE-11.25,Фьючерсный контракт COFFEE-11.25,3.989,3,0.001,2025-11-19,2025-11-19,KC,COFFEE-11.25,COFFEE,234686,10,391.98,4.252,3.834,0.80886,4.043,3.989,2025-11-05 14:03:28,0.42,0.21,0.14,0.14,COFFEE,808.86
KMH6,RFUD,KMAZ-3.26,Фьючерсный контракт KMAZ-3.26,860.0,0,1.0,2026-03-19,2026-03-20,KM,KMAZ-3.26,KMAZ,1596,10,297.61,1012.0,722.0,1.0,867.0,859.0,2025-11-05 14:03:28,0.17,0.09,0.05,0.0,KMAZ,1.0
KMZ5,RFUD,KMAZ-12.25,Фьючерсный контракт KMAZ-12.25,829.0,0,1.0,2025-12-18,2025-12-19,KM,KMAZ-12.25,KMAZ,11670,10,283.36,976.0,696.0,1.0,836.0,829.0,2025-11-05 14:03:28,0.16,0.08,0.05,0.0,KMAZ,1.0
KZH6,RFUD,KZT-3.26,Фьючерсный контракт KZT-3.26,14.449,3,0.001,2026-03-19,2026-03-19,KZ,KZT-3.26,KZT,8,100000,2421.33,15.918,13.282,1.0,14.6,0.0,2025-11-05 14:03:28,0.66,0.33,0.22,0.22,KZT,1000.0
KZM6,RFUD,KZT-6.26,Фьючерсный контракт KZT-6.26,14.225,3,0.001,2026-06-18,2026-06-18,KZ,KZT-6.26,KZT,0,100000,2508.17,15.732,13.014,1.0,14.373,0.0,2025-11-05 14:03:28,0.66,0.33,0.22,0.22,KZT,1000.0
KZZ5,RFUD,KZT-12.25,Фьючерсный контракт KZT-12.25,14.8,3,0.001,2025-12-18,2025-12-18,KZ,KZT-12.25,KZT,124,100000,2371.73,16.205,13.615,1.0,14.91,0.0,2025-11-05 14:03:28,0.68,0.34,0.23,0.23,KZT,1000.0
LEH6,RFUD,LEAS-3.26,Фьючерсный контракт LEAS-3.26,542.0,0,1.0,2026-03-19,2026-03-20,LE,LEAS-3.26,LEAS,27992,1,128.81,611.0,487.0,1.0,549.0,541.0,2025-11-05 14:03:28,0.11,0.06,0.04,0.0,LEAS,1.0
LEZ5,RFUD,LEAS-12.25,Фьючерсный контракт LEAS-12.25,532.0,0,1.0,2025-12-18,2025-12-19,LE,LEAS-12.25,LEAS,125306,1,120.61,599.0,481.0,1.0,540.0,531.0,2025-11-05 14:03:28,0.1,0.05,0.03,0.0,LEAS,1.0
LKH6,RFUD,LKOH-3.26,Фьючерсный контракт LKOH-3.26,56888.0,0,1.0,2026-03-19,2026-03-20,LK,LKOH-3.26,LKOH,3802,10,13730.94,63086.0,50586.0,1.0,56836.0,56530.0,2025-11-05 14:03:28,11.27,5.64,3.76,0.0,LKOH,1.0
LKM6,RFUD,LKOH-6.26,Фьючерсный контракт LKOH-6.26,58511.0,0,1.0,2026-06-18,2026-06-19,LK,LKOH-6.26,LKOH,776,10,13298.74,64586.0,51660.0,1.0,58123.0,58243.0,2025-11-05 14:03:28,11.58,5.79,3.86,0.0,LKOH,1.0
LKU6,RFUD,LKOH-9.26,Фьючерсный контракт LKOH-9.26,60806.0,0,1.0,2026-09-17,2026-09-18,LK,LKOH-9.26,LKOH,206,10,13333.92,66618.0,53652.0,1.0,60135.0,60652.0,2025-11-05 14:03:28,12.04,6.02,4.02,0.0,LKOH,1.0
LKZ5,RFUD,LKOH-12.25,Фьючерсный контракт LKOH-12.25,56753.0,0,1.0,2025-12-18,2025-12-19,LK,LKOH-12.25,LKOH,56968,10,11953.38,62585.0,50771.0,1.0,56678.0,56716.0,2025-11-05 14:03:28,11.24,5.62,3.74,0.0,LKOH,1.0
MAH6,RFUD,MMI-3.26,Фьючерсный контракт MMI-3.26,6023.0,0,1.0,2026-03-19,2026-03-19,MA,MMI-3.26,MMI,20,1,1358.81,6731.0,5403.0,1.0,6067.0,6067.0,2025-11-05 14:03:28,0.4,0.2,0.14,0.13,MMI,1.0
MAZ5,RFUD,MMI-12.25,Фьючерсный контракт MMI-12.25,5912.0,0,1.0,2025-12-18,2025-12-18,MA,MMI-12.25,MMI,584,1,1267.55,6543.0,5291.0,1.0,5917.0,5908.0,2025-11-05 14:03:28,0.39,0.2,0.13,0.13,MMI,1.0
MCH6,RFUD,MTLR-3.26,Фьючерсный контракт MTLR-3.26,6581.0,0,1.0,2026-03-19,2026-03-20,MC,MTLR-3.26,MTLR,5530,100,2411.12,7844.0,5488.0,1.0,6666.0,6583.0,2025-11-05 14:03:28,1.3,0.65,0.43,0.0,MTLR,1.0
MCZ5,RFUD,MTLR-12.25,Фьючерсный контракт MTLR-12.25,6576.0,0,1.0,2025-12-18,2025-12-19,MC,MTLR-12.25,MTLR,47684,100,2303.06,7811.0,5535.0,1.0,6673.0,6562.0,2025-11-05 14:03:28,1.3,0.65,0.43,0.0,MTLR,1.0
MDH6,RFUD,MDMG-3.26,Фьючерсный контракт MDMG-3.26,13453.0,0,1.0,2026-03-19,2026-03-20,MD,MDMG-3.26,MDMG,546,10,4743.29,16107.0,11473.0,1.0,13790.0,13357.0,2025-11-05 14:03:28,2.66,1.33,0.89,0.0,MDMG,1.0
MDZ5,RFUD,MDMG-12.25,Фьючерсный контракт MDMG-12.25,13003.0,0,1.0,2025-12-18,2025-12-19,MD,MDMG-12.25,MDMG,1382,10,4516.46,15526.0,11064.0,1.0,13295.0,13003.0,2025-11-05 14:03:28,2.57,1.29,0.85,0.0,MDMG,1.0
MEH6,RFUD,MOEX-3.26,Фьючерсный контракт MOEX-3.26,17207.0,0,1.0,2026-03-19,2026-03-20,ME,MOEX-3.26,MOEX,1110,100,3239.43,18787.0,15619.0,1.0,17203.0,17206.0,2025-11-05 14:03:28,3.41,1.71,1.13,0.0,MOEX,1.0
MEZ5,RFUD,MOEX-12.25,Фьючерсный контракт MOEX-12.25,16570.0,0,1.0,2025-12-18,2025-12-19,ME,MOEX-12.25,MOEX,30720,100,2987.91,18023.0,15071.0,1.0,16547.0,16591.0,2025-11-05 14:03:28,3.28,1.64,1.09,0.0,MOEX,1.0
MFF6,RFUD,1MFR-1.26,Фьючерсный контракт 1MFR-1.26,83.58,2,0.01,2026-01-30,2026-01-30,MF,1MFR-1.26,1MFR,0,1000000,1657.54,84.55,82.61,8.49315,83.58,0.0,2025-07-25 18:58:40,11.71,5.86,3.9,3.9,1MFR,849.3149999999999
MFG6,RFUD,1MFR-2.26,Фьючерсный контракт 1MFR-2.26,83.58,2,0.01,2026-02-27,2026-02-27,MF,1MFR-2.26,1MFR,0,1000000,1616.44,84.63,82.53,7.67123,83.58,0.0,2025-07-25 18:58:40,10.58,5.29,3.53,3.53,1MFR,767.123
MFH6,RFUD,1MFR-3.26,Фьючерсный контракт 1MFR-3.26,83.58,2,0.01,2026-03-31,2026-03-31,MF,1MFR-3.26,1MFR,0,1000000,1671.24,84.53,82.63,8.76712,83.58,0.0,2025-07-25 18:58:40,12.09,6.05,4.03,4.03,1MFR,876.712
MFJ6,RFUD,1MFR-4.26,Фьючерсный контракт 1MFR-4.26,83.58,2,0.01,2026-04-30,2026-04-30,MF,1MFR-4.26,1MFR,0,1000000,1643.84,84.58,82.58,8.21918,83.58,0.0,2025-07-25 18:58:40,11.34,5.67,3.78,3.78,1MFR,821.918
MFK6,RFUD,1MFR-5.26,Фьючерсный контракт 1MFR-5.26,83.58,2,0.01,2026-05-29,2026-05-29,MF,1MFR-5.26,1MFR,0,1000000,1630.14,84.6,82.56,7.94521,83.58,0.0,2025-07-25 18:58:40,10.96,5.48,3.65,3.65,1MFR,794.5210000000001
MFM6,RFUD,1MFR-6.26,Фьючерсный контракт 1MFR-6.26,83.58,2,0.01,2026-06-30,2026-06-30,MF,1MFR-6.26,1MFR,0,1000000,1671.24,84.53,82.63,8.76712,83.58,0.0,2025-07-25 18:58:40,12.09,6.05,4.03,4.03,1MFR,876.712
MFN6,RFUD,1MFR-7.26,Фьючерсный контракт 1MFR-7.26,83.58,2,0.01,2026-07-31,2026-07-31,MF,1MFR-7.26,1MFR,0,1000000,1657.54,84.55,82.61,8.49315,83.58,0.0,2025-07-31 18:58:26,11.71,5.86,3.9,3.9,1MFR,849.3149999999999
MFQ6,RFUD,1MFR-8.26,Фьючерсный контракт 1MFR-8.26,83.58,2,0.01,2026-08-31,2026-08-31,MF,1MFR-8.26,1MFR,0,1000000,1657.54,84.55,82.61,8.49315,83.58,0.0,2025-08-29 18:59:53,11.71,5.86,3.9,3.9,1MFR,849.3149999999999
MFU6,RFUD,1MFR-9.26,Фьючерсный контракт 1MFR-9.26,83.58,2,0.01,2026-09-30,2026-09-30,MF,1MFR-9.26,1MFR,0,1000000,1643.84,84.58,82.58,8.21918,83.58,0.0,2025-09-30 19:01:11,11.34,5.67,3.78,3.78,1MFR,821.918
MFX5,RFUD,1MFR-11.25,Фьючерсный контракт 1MFR-11.25,83.58,2,0.01,2025-11-28,2025-11-28,MF,1MFR-11.25,1MFR,0,1000000,1213.05,84.37,82.79,7.67123,83.58,0.0,2025-11-03 18:59:30,10.58,5.29,3.53,3.53,1MFR,767.123
MFZ5,RFUD,1MFR-12.25,Фьючерсный контракт 1MFR-12.25,83.58,2,0.01,2025-12-30,2025-12-30,MF,1MFR-12.25,1MFR,0,1000000,1671.24,84.53,82.63,8.76712,83.58,0.0,2025-07-25 18:58:40,12.09,6.05,4.03,4.03,1MFR,876.712
MGH6,RFUD,MAGN-3.26,Фьючерсный контракт MAGN-3.26,26487.0,0,1.0,2026-03-19,2026-03-20,MG,MAGN-3.26,MAGN,650,1000,4969.86,28802.0,23942.0,1.0,26372.0,26423.0,2025-11-05 14:03:28,5.25,2.63,1.75,0.0,MAGN,1.0
MGZ5,RFUD,MAGN-12.25,Фьючерсный контракт MAGN-12.25,25472.0,0,1.0,2025-12-18,2025-12-19,MG,MAGN-12.25,MAGN,12856,1000,4584.04,27615.0,23085.0,1.0,25350.0,25370.0,2025-11-05 14:03:28,5.04,2.52,1.68,0.0,MAGN,1.0
MMH6,RFUD,MXI-3.26,Фьючерсный контракт MXI-3.26,2713.4,2,0.05,2026-03-19,2026-03-19,MM,MXI-3.26,MXI,13124,1,3349.58,2885.2,2557.4,0.5,2721.3,2713.0,2025-11-05 14:03:28,1.79,0.9,0.59,0.6,MXI,10.0
MMH7,RFUD,MXI-3.27,Фьючерсный контракт MXI-3.27,3220.95,2,0.05,2027-03-18,2027-03-18,MM,MXI-3.27,MXI,210,1,4084.79,3422.25,3027.25,0.5,3224.75,3220.95,2025-11-05 14:03:28,2.12,1.06,0.71,0.71,MXI,10.0
MMM6,RFUD,MXI-6.26,Фьючерсный контракт MXI-6.26,2830.15,2,0.05,2026-06-18,2026-06-18,MM,MXI-6.26,MXI,5482,1,3598.56,3014.1,2663.7,0.5,2838.9,2830.15,2025-11-05 14:03:28,1.86,0.93,0.62,0.62,MXI,10.0
MMM7,RFUD,MXI-6.27,Фьючерсный контракт MXI-6.27,3324.0,2,0.05,2027-06-17,2027-06-17,MM,MXI-6.27,MXI,196,1,4413.32,3549.45,3124.85,0.5,3337.15,0.0,2025-11-05 14:03:28,2.19,1.1,0.73,0.73,MXI,10.0
MMU6,RFUD,MXI-9.26,Фьючерсный контракт MXI-9.26,2930.25,2,0.05,2026-09-17,2026-09-17,MM,MXI-9.26,MXI,1248,1,3619.82,3123.7,2771.1,0.5,2947.4,2930.25,2025-11-05 14:03:28,1.93,0.97,0.64,0.64,MXI,10.0
MMU7,RFUD,MXI-9.27,Фьючерсный контракт MXI-9.27,3430.55,2,0.05,2027-09-16,2027-09-16,MM,MXI-9.27,MXI,10,1,4749.17,3655.35,3200.55,0.5,3427.95,0.0,2025-11-05 14:03:28,2.26,1.13,0.75,0.75,MXI,10.0
MMZ5,RFUD,MXI-12.25,Фьючерсный контракт MXI-12.25,2619.95,2,0.05,2025-12-18,2025-12-18,MM,MXI-12.25,MXI,412610,1,2970.21,2774.55,2480.85,0.5,2627.7,2620.95,2025-11-05 14:03:28,1.72,0.86,0.57,0.58,MXI,10.0
MMZ6,RFUD,MXI-12.26,Фьючерсный контракт MXI-12.26,3017.1,2,0.05,2026-12-17,2026-12-17,MM,MXI-12.26,MXI,430,1,3751.57,3223.35,2858.75,0.5,3041.05,3011.65,2025-11-05 14:03:28,1.99,1.0,0.66,0.66,MXI,10.0
MMZ7,RFUD,MXI-12.27,Фьючерсный контракт MXI-12.27,3568.2,2,0.05,2027-12-16,2027-12-16,MM,MXI-12.27,MXI,188,1,5335.52,3832.4,3325.1,0.5,3578.75,0.0,2025-11-05 14:03:28,2.35,1.18,0.78,0.79,MXI,10.0
MNH6,RFUD,MGNT-3.26,Фьючерсный контракт MGNT-3.26,3094.0,0,1.0,2026-03-19,2026-03-20,MN,MGNT-3.26,MGNT,7124,1,732.75,3461.0,2745.0,1.0,3103.0,3104.0,2025-11-05 14:03:28,0.61,0.31,0.21,0.0,MGNT,1.0
MNZ5,RFUD,MGNT-12.25,Фьючерсный контракт MGNT-12.25,2978.0,0,1.0,2025-12-18,2025-12-19,MN,MGNT-12.25,MGNT,301232,1,685.56,3318.0,2642.0,1.0,2980.0,2982.0,2025-11-05 14:03:28,0.59,0.3,0.19,0.0,MGNT,1.0
MTH6,RFUD,MTSI-3.26,Фьючерсный контракт MTSI-3.26,21589.0,0,1.0,2026-03-19,2026-03-20,MT,MTSI-3.26,MTSI,298,100,4747.13,23931.0,19291.0,1.0,21611.0,21589.0,2025-11-05 14:03:28,4.28,2.14,1.43,0.0,MTSI,1.0
MTZ5,RFUD,MTSI-12.25,Фьючерсный контракт MTSI-12.25,20951.0,0,1.0,2025-12-18,2025-12-19,MT,MTSI-12.25,MTSI,13354,100,4426.04,23218.0,18844.0,1.0,21031.0,20950.0,2025-11-05 14:03:28,4.15,2.08,1.39,0.0,MTSI,1.0
MVH6,RFUD,MVID-3.26,Фьючерсный контракт MVID-3.26,581.0,0,1.0,2026-03-19,2026-03-20,MV,MVID-3.26,MVID,4166,10,461.95,807.0,357.0,1.0,582.0,581.0,2025-11-05 14:03:28,0.12,0.06,0.04,0.0,MVID,1.0
MVZ5,RFUD,MVID-12.25,Фьючерсный контракт MVID-12.25,582.0,0,1.0,2025-12-18,2025-12-19,MV,MVID-12.25,MVID,977260,10,449.51,804.0,360.0,1.0,582.0,582.0,2025-11-05 14:03:28,0.12,0.06,0.04,0.0,MVID,1.0
MXH6,RFUD,MIX-3.26,Фьючерсный контракт MIX-3.26,271250.0,0,25.0,2026-03-19,2026-03-19,MX,MIX-3.26,MIX,10502,1,33487.11,288275.0,255525.0,25.0,271900.0,271250.0,2025-11-05 14:03:28,17.9,8.95,5.97,5.97,MIX,1.0
MXH7,RFUD,MIX-3.27,Фьючерсный контракт MIX-3.27,310025.0,0,25.0,2027-03-18,2027-03-18,MX,MIX-3.27,MIX,0,1,40363.22,330450.0,291450.0,25.0,310950.0,0.0,2025-11-05 14:03:28,20.47,10.24,6.82,6.82,MIX,1.0
MXM6,RFUD,MIX-6.26,Фьючерсный контракт MIX-6.26,282025.0,0,25.0,2026-06-18,2026-06-18,MX,MIX-6.26,MIX,744,1,35944.42,300175.0,265175.0,25.0,282675.0,282025.0,2025-11-05 14:03:28,18.61,9.31,6.21,6.2,MIX,1.0
MXM7,RFUD,MIX-6.27,Фьючерсный контракт MIX-6.27,320125.0,0,25.0,2027-06-17,2027-06-17,MX,MIX-6.27,MIX,0,1,43502.92,342000.0,300150.0,25.0,321075.0,0.0,2025-11-05 14:03:28,21.13,10.57,7.04,7.04,MIX,1.0
MXU6,RFUD,MIX-9.26,Фьючерсный контракт MIX-9.26,291050.0,0,25.0,2026-09-17,2026-09-17,MX,MIX-9.26,MIX,212,1,36097.2,309150.0,274000.0,25.0,291575.0,291050.0,2025-11-05 14:03:28,19.21,9.61,6.4,6.4,MIX,1.0
MXU7,RFUD,MIX-9.27,Фьючерсный контракт MIX-9.27,330375.0,0,25.0,2027-09-16,2027-09-16,MX,MIX-9.27,MIX,0,1,46830.61,353750.0,308950.0,25.0,331350.0,0.0,2025-11-05 14:03:28,21.81,10.91,7.27,7.27,MIX,1.0
MXZ5,RFUD,MIX-12.25,Фьючерсный контракт MIX-12.25,261950.0,0,25.0,2025-12-18,2025-12-18,MX,MIX-12.25,MIX,424776,1,29698.83,277425.0,248075.0,25.0,262750.0,261975.0,2025-11-05 14:03:28,17.29,8.65,5.76,5.76,MIX,1.0
MXZ6,RFUD,MIX-12.26,Фьючерсный контракт MIX-12.26,300000.0,0,25.0,2026-12-17,2026-12-17,MX,MIX-12.26,MIX,24,1,37407.76,319200.0,282850.0,25.0,301025.0,0.0,2025-11-05 14:03:28,19.81,9.91,6.61,6.6,MIX,1.0
MYH6,RFUD,MOEXCNY-3.26,Фьючерсный контракт MOEXCNY-3.26,1064.1,1,0.1,2026-03-19,2026-03-19,MY,MOEXCNY-3.26,MOEXCNY,242,1,1804.24,1123.8,987.4,1.13827,1055.6,1061.3,2025-11-05 14:03:28,0.78,0.39,0.26,0.26,MOEXCNY,11.382699999999998
MYM6,RFUD,MOEXCNY-6.26,Фьючерсный контракт MOEXCNY-6.26,1090.1,1,0.1,2026-06-18,2026-06-18,MY,MOEXCNY-6.26,MOEXCNY,210,1,1892.69,1153.9,1011.5,1.13827,1082.7,1079.9,2025-11-05 14:03:28,0.8,0.4,0.26,0.27,MOEXCNY,11.382699999999998
MYZ5,RFUD,MOEXCNY-12.25,Фьючерсный контракт MOEXCNY-12.25,1064.4,1,0.1,2025-12-18,2025-12-18,MY,MOEXCNY-12.25,MOEXCNY,2308,1,1756.04,1115.1,981.9,1.13827,1048.5,1064.0,2025-11-05 14:03:28,0.78,0.39,0.26,0.26,MOEXCNY,11.382699999999998
N2H6,RFUD,NIKK-3.26,Фьючерсный контракт NIKK-3.26,53180.0,0,1.0,2026-03-20,2026-03-20,N2,NIKK-3.26,NIKK,2390,1,448.33,55796.0,47972.0,0.05253,51884.0,53100.0,2025-11-05 14:03:28,0.56,0.28,0.19,0.18,NIKK,0.05253
N2Z5,RFUD,NIKK-12.25,Фьючерсный контракт NIKK-12.25,54400.0,0,1.0,2025-12-19,2025-12-19,N2,NIKK-12.25,NIKK,28210,1,438.48,55962.0,48288.0,0.05253,52125.0,54400.0,2025-11-05 14:03:28,0.57,0.29,0.19,0.19,NIKK,0.05253
NAH6,RFUD,NASD-3.26,Фьючерсный контракт NASD-3.26,25878.0,0,1.0,2026-03-20,2026-03-20,NA,NASD-3.26,NASD,28146,41,2607.71,26670.0,23894.0,0.80886,25282.0,25878.0,2025-11-05 14:03:28,4.14,2.07,1.38,1.38,NASD,0.80886
NAM6,RFUD,NASD-6.26,Фьючерсный контракт NASD-6.26,26120.0,0,1.0,2026-06-19,2026-06-19,NA,NASD-6.26,NASD,4330,41,2749.93,26958.0,24044.0,0.80886,25501.0,26120.0,2025-11-05 14:03:28,4.19,2.1,1.39,1.39,NASD,0.80886
NAU6,RFUD,NASD-9.26,Фьючерсный контракт NASD-9.26,26501.0,0,1.0,2026-09-18,2026-09-18,NA,NASD-9.26,NASD,1926,41,2919.6,27243.0,24167.0,0.80886,25705.0,26589.0,2025-11-05 14:03:28,4.24,2.12,1.41,1.41,NASD,0.80886
NAZ5,RFUD,NASD-12.25,Фьючерсный контракт NASD-12.25,25802.0,0,1.0,2025-12-19,2025-12-19,NA,NASD-12.25,NASD,985368,41,2530.45,26542.0,23842.0,0.80886,25192.0,25780.0,2025-11-05 14:03:28,4.14,2.07,1.38,1.38,NASD,0.80886
NBH6,RFUD,BELUGA-3.26,Фьючерсный контракт BELUGA-3.26,409.0,0,1.0,2026-03-19,2026-03-20,NB,BELUGA-3.26,BELUGA,27190,1,150.09,476.0,330.0,1.0,403.0,408.0,2025-11-05 14:03:28,0.08,0.04,0.03,0.0,BELUGA,1.0
NBZ5,RFUD,BELUGA-12.25,Фьючерсный контракт BELUGA-12.25,392.0,0,1.0,2025-12-18,2025-12-19,NB,BELUGA-12.25,BELUGA,114320,1,143.34,459.0,319.0,1.0,389.0,391.0,2025-11-05 14:03:28,0.07,0.04,0.02,0.0,BELUGA,1.0
NCH6,RFUD,NICKEL-3.26,Фьючерсный контракт NICKEL-3.26,15605.0,0,5.0,2026-03-17,2026-03-17,NC,NICKEL-3.26,NICKEL,158,10,2398.45,16735.0,14205.0,4.04431,15470.0,0.0,2025-11-05 14:03:28,1.67,0.84,0.56,0.56,NICKEL,0.8088620000000001
NCZ5,RFUD,NICKEL-12.25,Фьючерсный контракт NICKEL-12.25,15115.0,0,5.0,2025-12-16,2025-12-16,NC,NICKEL-12.25,NICKEL,9362,10,2202.18,16180.0,13830.0,4.04431,15005.0,15115.0,2025-11-05 14:03:28,1.62,0.81,0.54,0.54,NICKEL,0.8088620000000001
NDH6,RFUD,INDIA-3.26,Фьючерсный контракт INDIA-3.26,10.35,3,0.001,2026-03-20,2026-03-20,ND,INDIA-3.26,INDIA,3344,1,102.9,10.762,9.668,0.08089,10.215,10.409,2025-11-05 14:03:28,0.17,0.09,0.05,0.06,INDIA,80.89
NDZ5,RFUD,INDIA-12.25,Фьючерсный контракт INDIA-12.25,9.934,3,0.001,2025-12-19,2025-12-19,ND,INDIA-12.25,INDIA,12032,1,99.6,10.446,9.384,0.08089,9.915,9.934,2025-11-05 14:03:28,0.16,0.08,0.05,0.05,INDIA,80.89
NGF6,RFUD,NG-1.26,Фьючерсный контракт NG-1.26,4.157,3,0.001,2026-01-28,2026-01-28,NG,NG-1.26,NG,2078,100,8558.3,4.676,3.776,8.08861,4.226,4.153,2025-11-05 14:03:28,4.44,2.22,1.48,1.48,NG,8088.609999999999
NGG6,RFUD,NG-2.26,Фьючерсный контракт NG-2.26,3.82,3,0.001,2026-02-25,2026-02-25,NG,NG-2.26,NG,1322,100,8545.93,4.299,3.403,8.08861,3.851,3.821,2025-11-05 14:03:28,4.08,2.04,1.36,1.36,NG,8088.609999999999
NGH6,RFUD,NG-3.26,Фьючерсный контракт NG-3.26,3.76,3,0.001,2026-03-27,2026-03-27,NG,NG-3.26,NG,2540,100,8592.19,4.235,3.335,8.08861,3.785,3.76,2025-11-05 14:03:28,4.02,2.01,1.34,1.34,NG,8088.609999999999
NGJ6,RFUD,NG-4.26,Фьючерсный контракт NG-4.26,3.814,3,0.001,2026-04-28,2026-04-28,NG,NG-4.26,NG,386,100,8561.8,4.275,3.377,8.08861,3.826,3.795,2025-11-05 14:03:28,4.07,2.04,1.36,1.36,NG,8088.609999999999
NGK6,RFUD,NG-5.26,Фьючерсный контракт NG-5.26,3.946,3,0.001,2026-05-27,2026-05-27,NG,NG-5.26,NG,44,100,8639.24,4.415,3.509,8.08861,3.962,3.997,2025-11-05 14:03:28,4.21,2.11,1.41,1.4,NG,8088.609999999999
NGX5,RFUD,NG-11.25,Фьючерсный контракт NG-11.25,4.159,3,0.001,2025-11-25,2025-11-25,NG,NG-11.25,NG,524708,100,7829.83,4.642,3.808,8.08861,4.225,4.158,2025-11-05 14:03:28,4.44,2.22,1.48,1.48,NG,8088.609999999999
NGZ5,RFUD,NG-12.25,Фьючерсный контракт NG-12.25,4.402,3,0.001,2025-12-29,2025-12-29,NG,NG-12.25,NG,43018,100,8500.79,4.917,4.021,8.08861,4.469,4.403,2025-11-05 14:03:28,4.7,2.35,1.57,1.57,NG,8088.609999999999
NKZ5,RFUD,NOTK-12.25,Фьючерсный контракт NOTK-12.25,108732.0,0,1.0,2025-12-18,2025-12-19,NK,NOTK-12.25,NOTK,92258,100,22996.22,120747.0,98017.0,1.0,109382.0,108750.0,2025-11-05 14:03:28,21.53,10.77,7.18,0.0,NOTK,1.0
NMH6,RFUD,NLMK-3.26,Фьючерсный контракт NLMK-3.26,10602.0,0,1.0,2026-03-19,2026-03-20,NM,NLMK-3.26,NLMK,904,100,2002.11,11609.0,9651.0,1.0,10630.0,10602.0,2025-11-05 14:03:28,2.1,1.05,0.7,0.0,NLMK,1.0
NMZ5,RFUD,NLMK-12.25,Фьючерсный контракт NLMK-12.25,10217.0,0,1.0,2025-12-18,2025-12-19,NM,NLMK-12.25,NLMK,55610,100,1846.77,11143.0,9319.0,1.0,10231.0,10217.0,2025-11-05 14:03:28,2.02,1.01,0.68,0.0,NLMK,1.0
NRF6,RFUD,NGM-1.26,Фьючерсный контракт NGM-1.26,4.152,3,0.001,2026-01-28,2026-01-28,NR,NGM-1.26,NGM,6252,1,85.58,4.672,3.772,0.08089,4.222,4.152,2025-11-05 14:03:28,0.05,0.03,0.02,0.01,NGM,80.89
NRG6,RFUD,NGM-2.26,Фьючерсный контракт NGM-2.26,3.856,3,0.001,2026-02-25,2026-02-25,NR,NGM-2.26,NGM,13502,1,85.57,4.342,3.444,0.08089,3.893,3.86,2025-11-05 14:03:28,0.04,0.02,0.02,0.01,NGM,80.89
NRH6,RFUD,NGM-3.26,Фьючерсный контракт NGM-3.26,3.8,3,0.001,2026-03-27,2026-03-27,NR,NGM-3.26,NGM,8686,1,86.01,4.267,3.365,0.08089,3.816,3.804,2025-11-05 14:03:28,0.04,0.02,0.02,0.01,NGM,80.89
NRJ6,RFUD,NGM-4.26,Фьючерсный контракт NGM-4.26,3.879,3,0.001,2026-04-28,2026-04-28,NR,NGM-4.26,NGM,3650,1,85.83,4.36,3.46,0.08089,3.91,3.918,2025-11-05 14:03:28,0.04,0.02,0.02,0.01,NGM,80.89
NRK6,RFUD,NGM-5.26,Фьючерсный контракт NGM-5.26,4.041,3,0.001,2026-05-27,2026-05-27,NR,NGM-5.26,NGM,856,1,86.45,4.433,3.527,0.08089,3.98,4.078,2025-11-05 14:03:28,0.04,0.02,0.02,0.01,NGM,80.89
NRX5,RFUD,NGM-11.25,Фьючерсный контракт NGM-11.25,4.157,3,0.001,2025-11-25,2025-11-25,NR,NGM-11.25,NGM,1171866,1,78.31,4.642,3.808,0.08089,4.225,4.154,2025-11-05 14:03:28,0.05,0.03,0.02,0.01,NGM,80.89
NRZ5,RFUD,NGM-12.25,Фьючерсный контракт NGM-12.25,4.401,3,0.001,2025-12-29,2025-12-29,NR,NGM-12.25,NGM,98938,1,85.02,4.918,4.022,0.08089,4.47,4.404,2025-11-05 14:03:28,0.05,0.03,0.02,0.02,NGM,80.89
OGH6,RFUD,OGI-3.26,Фьючерсный контракт OGI-3.26,6913.0,0,1.0,2026-03-19,2026-03-19,OG,OGI-3.26,OGI,0,1,1558.42,7679.0,6157.0,1.0,6918.0,0.0,2025-11-05 14:03:28,0.45,0.23,0.15,0.15,OGI,1.0
OGZ5,RFUD,OGI-12.25,Фьючерсный контракт OGI-12.25,6786.0,0,1.0,2025-12-18,2025-12-18,OG,OGI-12.25,OGI,338,1,1454.78,7510.0,6072.0,1.0,6791.0,6786.0,2025-11-05 14:03:28,0.45,0.23,0.15,0.15,OGI,1.0
OJF6,RFUD,ORANGE-1.26,Фьючерсный контракт ORANGE-1.26,1.827,3,0.001,2026-01-05,2026-01-05,OJ,ORANGE-1.26,ORANGE,4872,100,2798.6,2.04,1.744,8.08861,1.892,1.827,2025-11-05 14:03:28,1.95,0.98,0.65,0.65,ORANGE,8088.609999999999
OJH6,RFUD,ORANGE-3.26,Фьючерсный контракт ORANGE-3.26,1.903,3,0.001,2026-03-02,2026-03-02,OJ,ORANGE-3.26,ORANGE,86,100,2911.36,2.104,1.798,8.08861,1.951,1.903,2025-11-05 14:03:28,2.03,1.02,0.68,0.68,ORANGE,8088.609999999999
PDH6,RFUD,PLD-3.26,Фьючерсный контракт PLD-3.26,1483.43,2,0.01,2026-03-20,2026-03-20,PD,PLD-3.26,PLD,1884,1,21158.99,1553.59,1330.01,0.80886,1441.8,1481.16,2025-11-05 14:03:28,15.84,7.92,5.28,5.28,PLD,80.886
PDM6,RFUD,PLD-6.26,Фьючерсный контракт PLD-6.26,1529.1,2,0.01,2026-06-19,2026-06-19,PD,PLD-6.26,PLD,382,1,21993.31,1605.25,1373.79,0.80886,1489.52,1546.62,2025-11-05 14:03:28,16.33,8.17,5.44,5.44,PLD,80.886
PDU6,RFUD,PLD-9.26,Фьючерсный контракт PLD-9.26,1556.62,2,0.01,2026-09-18,2026-09-18,PD,PLD-9.26,PLD,68,1,22503.52,1624.49,1388.23,0.80886,1506.36,1571.13,2025-11-05 14:03:28,16.62,8.31,5.54,5.54,PLD,80.886
PDZ5,RFUD,PLD-12.25,Фьючерсный контракт PLD-12.25,1449.82,2,0.01,2025-12-19,2025-12-19,PD,PLD-12.25,PLD,75656,1,19396.41,1509.84,1302.78,0.80886,1406.31,1446.71,2025-11-05 14:03:28,15.48,7.74,5.16,5.16,PLD,80.886
PHH6,RFUD,PHOR-3.26,Фьючерсный контракт PHOR-3.26,7060.0,0,1.0,2026-03-19,2026-03-20,PH,PHOR-3.26,PHOR,786,1,1339.07,7687.0,6379.0,1.0,7033.0,7060.0,2025-11-05 14:03:28,1.39,0.7,0.47,0.0,PHOR,1.0
PHZ5,RFUD,PHOR-12.25,Фьючерсный контракт PHOR-12.25,6847.0,0,1.0,2025-12-18,2025-12-19,PH,PHOR-12.25,PHOR,19354,1,1237.01,7454.0,6232.0,1.0,6843.0,6849.0,2025-11-05 14:03:28,1.36,0.68,0.45,0.0,PHOR,1.0
PIZ5,RFUD,PIKK-12.25,Фьючерсный контракт PIKK-12.25,4025.0,0,1.0,2025-12-18,2025-12-19,PI,PIKK-12.25,PIKK,92782,10,1383.75,4757.0,3391.0,1.0,4074.0,4024.0,2025-11-05 14:03:28,0.8,0.4,0.26,0.0,PIKK,1.0
PSH6,RFUD,POSI-3.26,Фьючерсный контракт POSI-3.26,1181.0,0,1.0,2026-03-19,2026-03-20,PS,POSI-3.26,POSI,3950,1,416.45,1403.0,997.0,1.0,1200.0,1181.0,2025-11-05 14:03:28,0.23,0.12,0.07,0.0,POSI,1.0
PSZ5,RFUD,POSI-12.25,Фьючерсный контракт POSI-12.25,1136.0,0,1.0,2025-12-18,2025-12-19,PS,POSI-12.25,POSI,70698,1,396.74,1359.0,967.0,1.0,1163.0,1138.0,2025-11-05 14:03:28,0.23,0.12,0.07,0.0,POSI,1.0
PTH6,RFUD,PLT-3.26,Фьючерсный контракт PLT-3.26,1604.2,1,0.1,2026-03-20,2026-03-20,PT,PLT-3.26,PLT,1674,1,17852.82,1647.0,1459.0,8.08861,1553.0,1605.1,2025-11-05 14:03:28,17.13,8.57,5.71,5.71,PLT,80.88609999999998
PTM6,RFUD,PLT-6.26,Фьючерсный контракт PLT-6.26,1643.4,1,0.1,2026-06-19,2026-06-19,PT,PLT-6.26,PLT,152,1,19112.2,1693.5,1493.3,8.08861,1593.4,1643.4,2025-11-05 14:03:28,17.55,8.78,5.85,5.85,PLT,80.88609999999998
PTU6,RFUD,PLT-9.26,Фьючерсный контракт PLT-9.26,1686.1,1,0.1,2026-09-18,2026-09-18,PT,PLT-9.26,PLT,48,1,18685.28,1731.1,1534.9,8.08861,1633.0,0.0,2025-11-05 14:03:28,18.0,9.0,6.0,6.0,PLT,80.88609999999998
PTZ5,RFUD,PLT-12.25,Фьючерсный контракт PLT-12.25,1588.9,1,0.1,2025-12-19,2025-12-19,PT,PLT-12.25,PLT,166836,1,15431.61,1618.6,1454.0,8.08861,1536.3,1587.4,2025-11-05 14:03:28,16.96,8.48,5.65,5.65,PLT,80.88609999999998
PXH6,RFUD,PLZLM-3.26,Фьючерсный контракт PLZLM-3.26,21620.0,0,1.0,2026-03-19,2026-03-20,PX,PLZLM-3.26,PLZLM,2216,10,4283.68,24054.0,19866.0,1.0,21960.0,21563.0,2025-11-05 14:03:28,4.28,2.14,1.43,0.0,PLZLM,1.0
PXZ5,RFUD,PLZLM-12.25,Фьючерсный контракт PLZLM-12.25,21423.0,0,1.0,2025-12-18,2025-12-19,PX,PLZLM-12.25,PLZLM,90372,10,3965.79,23491.0,19571.0,1.0,21531.0,21411.0,2025-11-05 14:03:28,4.24,2.12,1.41,0.0,PLZLM,1.0
R2H6,RFUD,R2000-3.26,Фьючерсный контракт R2000-3.26,245.0,1,0.1,2026-03-20,2026-03-20,R2,R2000-3.26,R2000,110,1,2522.27,257.6,230.8,8.08861,244.2,243.6,2025-11-05 14:03:28,3.93,1.97,1.31,1.31,R2000,80.88609999999998
R2Z5,RFUD,R2000-12.25,Фьючерсный контракт R2000-12.25,243.6,1,0.1,2025-12-19,2025-12-19,R2,R2000-12.25,R2000,3664,1,2447.89,256.7,230.7,8.08861,243.7,243.6,2025-11-05 14:03:28,3.9,1.95,1.3,1.3,R2000,80.88609999999998
RAH6,RFUD,RASP-3.26,Фьючерсный контракт RASP-3.26,1731.0,0,1.0,2026-03-19,2026-03-20,RA,RASP-3.26,RASP,824,10,325.82,1884.0,1566.0,1.0,1725.0,1745.0,2025-11-05 14:03:28,0.35,0.18,0.12,0.0,RASP,1.0
RAZ5,RFUD,RASP-12.25,Фьючерсный контракт RASP-12.25,1661.0,0,1.0,2025-12-18,2025-12-19,RA,RASP-12.25,RASP,10016,10,300.63,1811.0,1515.0,1.0,1663.0,1674.0,2025-11-05 14:03:28,0.33,0.17,0.11,0.0,RASP,1.0
RBH6,RFUD,RGBI-3.26,Фьючерсный контракт RGBI-3.26,11819.0,0,1.0,2026-03-02,2026-03-02,RB,RGBI-3.26,RGBI,173390,1,1287.27,12465.0,11189.0,1.0,11827.0,11819.0,2025-11-05 14:03:28,0.78,0.39,0.26,0.26,RGBI,1.0
RBM6,RFUD,RGBI-6.26,Фьючерсный контракт RGBI-6.26,11932.0,0,1.0,2026-06-01,2026-06-01,RB,RGBI-6.26,RGBI,16002,1,1355.84,12591.0,11255.0,1.0,11923.0,11932.0,2025-11-05 14:03:28,0.78,0.39,0.26,0.26,RGBI,1.0
RBU6,RFUD,RGBI-9.26,Фьючерсный контракт RGBI-9.26,12039.0,0,1.0,2026-09-01,2026-09-01,RB,RGBI-9.26,RGBI,8774,1,1442.19,12746.0,11332.0,1.0,12039.0,12039.0,2025-11-05 14:03:28,0.8,0.4,0.26,0.26,RGBI,1.0
RBZ5,RFUD,RGBI-12.25,Фьючерсный контракт RGBI-12.25,11681.0,0,1.0,2025-12-01,2025-12-01,RB,RGBI-12.25,RGBI,1175798,1,1223.03,12288.0,11072.0,1.0,11680.0,11683.0,2025-11-05 14:03:28,0.77,0.39,0.26,0.26,RGBI,1.0
RDH6,RFUD,RENI-3.26,Фьючерсный контракт RENI-3.26,10111.0,0,1.0,2026-03-19,2026-03-20,RD,RENI-3.26,RENI,656,100,3602.18,11879.0,8359.0,1.0,10119.0,10098.0,2025-11-05 14:03:28,2.0,1.0,0.66,0.0,RENI,1.0
RDZ5,RFUD,RENI-12.25,Фьючерсный контракт RENI-12.25,9702.0,0,1.0,2025-12-18,2025-12-19,RD,RENI-12.25,RENI,9426,100,3433.71,11404.0,8012.0,1.0,9708.0,9702.0,2025-11-05 14:03:28,1.92,0.96,0.64,0.0,RENI,1.0
RIH6,RFUD,RTS-3.26,Фьючерсный контракт RTS-3.26,102500.0,0,10.0,2026-03-19,2026-03-19,RI,RTS-3.26,RTS,1784,1,26351.23,107500.0,93480.0,16.17722,100490.0,102510.0,2025-11-05 14:03:28,10.94,5.47,3.65,3.65,RTS,1.6177219999999999
RIH7,RFUD,RTS-3.27,Фьючерсный контракт RTS-3.27,107230.0,0,10.0,2027-03-18,2027-03-18,RI,RTS-3.27,RTS,26,1,31917.58,114800.0,98160.0,16.17722,106480.0,107230.0,2025-11-05 14:03:28,11.45,5.73,3.81,3.82,RTS,1.6177219999999999
RIM6,RFUD,RTS-6.26,Фьючерсный контракт RTS-6.26,103210.0,0,10.0,2026-06-18,2026-06-18,RI,RTS-6.26,RTS,104,1,27513.92,108820.0,94260.0,16.17722,101540.0,102960.0,2025-11-05 14:03:28,11.02,5.51,3.67,3.67,RTS,1.6177219999999999
RIM7,RFUD,RTS-6.27,Фьючерсный контракт RTS-6.27,105490.0,0,10.0,2027-06-17,2027-06-17,RI,RTS-6.27,RTS,18,1,33207.1,113150.0,95930.0,16.17722,104540.0,105090.0,2025-11-05 14:03:28,11.27,5.64,3.76,3.75,RTS,1.6177219999999999
RIU6,RFUD,RTS-9.26,Фьючерсный контракт RTS-9.26,103800.0,0,10.0,2026-09-17,2026-09-17,RI,RTS-9.26,RTS,42,1,28903.26,110040.0,94820.0,16.17722,102430.0,103040.0,2025-11-05 14:03:28,11.08,5.54,3.69,3.69,RTS,1.6177219999999999
RIZ5,RFUD,RTS-12.25,Фьючерсный контракт RTS-12.25,102060.0,0,10.0,2025-12-18,2025-12-18,RI,RTS-12.25,RTS,77132,1,25696.71,106930.0,93230.0,16.17722,100080.0,102040.0,2025-11-05 14:03:28,10.9,5.45,3.63,3.63,RTS,1.6177219999999999
RIZ6,RFUD,RTS-12.26,Фьючерсный контракт RTS-12.26,106580.0,0,10.0,2026-12-17,2026-12-17,RI,RTS-12.26,RTS,58,1,30383.22,112440.0,96520.0,16.17722,104480.0,0.0,2025-11-05 14:03:28,11.38,5.69,3.79,3.79,RTS,1.6177219999999999
RLH6,RFUD,RUAL-3.26,Фьючерсный контракт RUAL-3.26,3198.0,0,1.0,2026-03-19,2026-03-20,RL,RUAL-3.26,RUAL,4608,100,606.54,3510.0,2918.0,1.0,3214.0,3181.0,2025-11-05 14:03:28,0.63,0.32,0.21,0.0,RUAL,1.0
RLZ5,RFUD,RUAL-12.25,Фьючерсный контракт RUAL-12.25,3071.0,0,1.0,2025-12-18,2025-12-19,RL,RUAL-12.25,RUAL,81364,100,559.62,3375.0,2823.0,1.0,3099.0,3055.0,2025-11-05 14:03:28,0.61,0.31,0.21,0.0,RUAL,1.0
RMH6,RFUD,RTSM-3.26,Фьючерсный контракт RTSM-3.26,1025.5,1,0.5,2026-03-19,2026-03-19,RM,RTSM-3.26,RTSM,886,1,2767.37,1075.5,935.5,8.08861,1005.5,1025.0,2025-11-05 14:03:28,1.1,0.55,0.37,0.36,RTSM,16.17722
RMM6,RFUD,RTSM-6.26,Фьючерсный контракт RTSM-6.26,1035.0,1,0.5,2026-06-18,2026-06-18,RM,RTSM-6.26,RTSM,238,1,2754.59,1093.0,948.0,8.08861,1020.5,1035.0,2025-11-05 14:03:28,1.11,0.56,0.37,0.37,RTSM,16.17722
RMZ5,RFUD,RTSM-12.25,Фьючерсный контракт RTSM-12.25,1020.0,1,0.5,2025-12-18,2025-12-18,RM,RTSM-12.25,RTSM,49194,1,2571.47,1070.0,933.0,8.08861,1001.5,1021.0,2025-11-05 14:03:28,1.09,0.55,0.36,0.36,RTSM,16.17722
RNH6,RFUD,ROSN-3.26,Фьючерсный контракт ROSN-3.26,40911.0,0,1.0,2026-03-19,2026-03-20,RN,ROSN-3.26,ROSN,1870,100,9490.0,45168.0,36314.0,1.0,40741.0,40866.0,2025-11-05 14:03:28,8.1,4.05,2.7,0.0,ROSN,1.0
RNM6,RFUD,ROSN-6.26,Фьючерсный контракт ROSN-6.26,42705.0,0,1.0,2026-06-18,2026-06-19,RN,ROSN-6.26,ROSN,1498,100,9455.34,47242.0,38050.0,1.0,42646.0,42604.0,2025-11-05 14:03:28,8.45,4.23,2.82,0.0,ROSN,1.0
RNU6,RFUD,ROSN-9.26,Фьючерсный контракт ROSN-9.26,43839.0,0,1.0,2026-09-17,2026-09-18,RN,ROSN-9.26,ROSN,84,100,9465.56,48216.0,39012.0,1.0,43614.0,43414.0,2025-11-05 14:03:28,8.68,4.34,2.89,0.0,ROSN,1.0
RNZ5,RFUD,ROSN-12.25,Фьючерсный контракт ROSN-12.25,40409.0,0,1.0,2025-12-18,2025-12-19,RN,ROSN-12.25,ROSN,37930,100,8456.49,44334.0,35976.0,1.0,40155.0,40322.0,2025-11-05 14:03:28,8.0,4.0,2.66,0.0,ROSN,1.0
RRF6,RFUD,RUON-1.26,Фьючерсный контракт RUON-1.26,86.38,2,0.01,2026-01-30,2026-01-30,RR,RUON-1.26,RUON,0,1000000,1657.54,87.35,85.41,8.49315,86.38,0.0,2025-09-30 19:01:11,12.11,6.06,4.04,4.04,RUON,849.3149999999999
RRG6,RFUD,RUON-2.26,Фьючерсный контракт RUON-2.26,86.38,2,0.01,2026-02-27,2026-02-27,RR,RUON-2.26,RUON,0,1000000,1616.44,87.43,85.33,7.67123,86.38,0.0,2025-09-30 19:01:11,10.94,5.47,3.65,3.64,RUON,767.123
RRH6,RFUD,RUON-3.26,Фьючерсный контракт RUON-3.26,86.38,2,0.01,2026-03-31,2026-03-31,RR,RUON-3.26,RUON,0,1000000,1671.24,87.33,85.43,8.76712,86.38,0.0,2025-09-30 19:01:11,12.49,6.25,4.16,4.17,RUON,876.712
RRJ6,RFUD,RUON-4.26,Фьючерсный контракт RUON-4.26,86.38,2,0.01,2026-04-30,2026-04-30,RR,RUON-4.26,RUON,0,1000000,1643.84,87.38,85.38,8.21918,86.38,0.0,2025-09-30 19:01:11,11.71,5.86,3.9,3.9,RUON,821.918
RRK6,RFUD,RUON-5.26,Фьючерсный контракт RUON-5.26,86.38,2,0.01,2026-05-29,2026-05-29,RR,RUON-5.26,RUON,0,1000000,1630.14,87.4,85.36,7.94521,86.38,0.0,2025-09-30 19:01:11,11.32,5.66,3.77,3.77,RUON,794.5210000000001
RRM6,RFUD,RUON-6.26,Фьючерсный контракт RUON-6.26,86.38,2,0.01,2026-06-30,2026-06-30,RR,RUON-6.26,RUON,0,1000000,1671.24,87.33,85.43,8.76712,86.38,0.0,2025-09-30 19:01:11,12.49,6.25,4.16,4.17,RUON,876.712
RRN6,RFUD,RUON-7.26,Фьючерсный контракт RUON-7.26,86.38,2,0.01,2026-07-31,2026-07-31,RR,RUON-7.26,RUON,0,1000000,1657.54,87.35,85.41,8.49315,86.38,0.0,2025-09-30 19:01:11,12.11,6.06,4.04,4.04,RUON,849.3149999999999
RRQ6,RFUD,RUON-8.26,Фьючерсный контракт RUON-8.26,86.38,2,0.01,2026-08-31,2026-08-31,RR,RUON-8.26,RUON,0,1000000,1657.54,87.35,85.41,8.49315,86.38,0.0,2025-09-30 19:01:11,12.11,6.06,4.04,4.04,RUON,849.3149999999999
RRU6,RFUD,RUON-9.26,Фьючерсный контракт RUON-9.26,86.38,2,0.01,2026-09-30,2026-09-30,RR,RUON-9.26,RUON,0,1000000,1643.84,87.38,85.38,8.21918,86.38,0.0,2025-09-30 19:01:11,11.71,5.86,3.9,3.9,RUON,821.918
RRX5,RFUD,RUON-11.25,Фьючерсный контракт RUON-11.25,86.38,2,0.01,2025-11-28,2025-11-28,RR,RUON-11.25,RUON,0,1000000,1213.05,87.17,85.59,7.67123,86.38,0.0,2025-11-03 18:59:30,10.94,5.47,3.65,3.64,RUON,767.123
RRZ5,RFUD,RUON-12.25,Фьючерсный контракт RUON-12.25,86.38,2,0.01,2025-12-30,2025-12-30,RR,RUON-12.25,RUON,0,1000000,1671.24,87.33,85.43,8.76712,86.38,0.0,2025-09-30 19:01:11,12.49,6.25,4.16,4.17,RUON,876.712
RTH6,RFUD,RTKM-3.26,Фьючерсный контракт RTKM-3.26,6460.0,0,1.0,2026-03-19,2026-03-20,RT,RTKM-3.26,RTKM,790,100,1421.17,7194.0,5806.0,1.0,6500.0,6486.0,2025-11-05 14:03:28,1.28,0.64,0.43,0.0,RTKM,1.0
RTZ5,RFUD,RTKM-12.25,Фьючерсный контракт RTKM-12.25,6207.0,0,1.0,2025-12-18,2025-12-19,RT,RTKM-12.25,RTKM,34136,100,1324.29,6948.0,5640.0,1.0,6294.0,6207.0,2025-11-05 14:03:28,1.23,0.62,0.41,0.0,RTKM,1.0
RUH6,RFUD,RNFT-3.26,Фьючерсный контракт RNFT-3.26,1026.0,0,1.0,2026-03-19,2026-03-20,RU,RNFT-3.26,RNFT,5164,10,274.11,1152.0,886.0,1.0,1019.0,1027.0,2025-11-05 14:03:28,0.21,0.11,0.07,0.0,RNFT,1.0
RUZ5,RFUD,RNFT-12.25,Фьючерсный контракт RNFT-12.25,980.0,0,1.0,2025-12-18,2025-12-19,RU,RNFT-12.25,RNFT,108142,10,258.19,1105.0,851.0,1.0,978.0,983.0,2025-11-05 14:03:28,0.19,0.1,0.07,0.0,RNFT,1.0
S0H6,RFUD,SOFL-3.26,Фьючерсный контракт SOFL-3.26,861.0,0,1.0,2026-03-19,2026-03-20,S0,SOFL-3.26,SOFL,3168,10,295.34,1004.0,716.0,1.0,860.0,866.0,2025-11-05 14:03:28,0.17,0.09,0.05,0.0,SOFL,1.0
S0Z5,RFUD,SOFL-12.25,Фьючерсный контракт SOFL-12.25,821.0,0,1.0,2025-12-18,2025-12-19,S0,SOFL-12.25,SOFL,47558,10,281.19,966.0,690.0,1.0,828.0,817.0,2025-11-05 14:03:28,0.16,0.08,0.05,0.0,SOFL,1.0
SAH6,RFUD,SUGR-3.26,Фьючерсный контракт SUGR-3.26,27.75,2,0.01,2026-02-27,2026-03-02,SA,SUGR-3.26,SUGR,742,1016,4755.48,29.82,25.22,10.16,27.52,27.75,2025-11-05 14:03:28,3.72,1.86,1.24,1.24,SUGR,1016.0
SAK6,RFUD,SUGR-5.26,Фьючерсный контракт SUGR-5.26,27.3,2,0.01,2026-04-30,2026-05-04,SA,SUGR-5.26,SUGR,332,1016,4830.18,29.63,24.97,10.16,27.3,27.3,2025-11-05 14:03:28,3.67,1.84,1.22,1.22,SUGR,1016.0
SBERF,RFUD,SBERF,SBERF,297.55,2,0.01,2100-01-01,2100-01-01,SB,SBERF,SBERF,134264,100,5083.82,323.9,273.08,1.0,298.49,297.62,2025-11-05 14:03:28,8.92,4.46,4.47,29.76,SBERF,100.0
SCH6,RFUD,SVCB-3.26,Фьючерсный контракт SVCB-3.26,1305.0,0,1.0,2026-03-19,2026-03-20,SC,SVCB-3.26,SVCB,26336,100,244.9,1422.0,1184.0,1.0,1303.0,1306.0,2025-11-05 14:03:28,0.26,0.13,0.09,0.0,SVCB,1.0
SCZ5,RFUD,SVCB-12.25,Фьючерсный контракт SVCB-12.25,1250.0,0,1.0,2025-12-18,2025-12-19,SC,SVCB-12.25,SVCB,387086,100,225.82,1362.0,1140.0,1.0,1251.0,1250.0,2025-11-05 14:03:28,0.25,0.13,0.09,0.0,SVCB,1.0
SDH6,RFUD,SAUDI-3.26,Фьючерсный контракт SAUDI-3.26,40.03,2,0.01,2026-03-20,2026-03-20,SD,SAUDI-3.26,SAUDI,110,1,395.14,42.23,38.01,0.80886,40.12,40.46,2025-11-05 14:03:28,0.64,0.32,0.21,0.21,SAUDI,80.886
SDZ5,RFUD,SAUDI-12.25,Фьючерсный контракт SAUDI-12.25,39.73,2,0.01,2025-12-19,2025-12-19,SD,SAUDI-12.25,SAUDI,324,1,399.98,41.95,37.69,0.80886,39.82,39.96,2025-11-05 14:03:28,0.64,0.32,0.21,0.21,SAUDI,80.886
SEH6,RFUD,SPBE-3.26,Фьючерсный контракт SPBE-3.26,2409.0,0,1.0,2026-03-19,2026-03-20,SE,SPBE-3.26,SPBE,1050,10,1164.0,3014.0,1850.0,1.0,2432.0,2404.0,2025-11-05 14:03:28,0.47,0.24,0.16,0.0,SPBE,1.0
SEZ5,RFUD,SPBE-12.25,Фьючерсный контракт SPBE-12.25,2342.0,0,1.0,2025-12-18,2025-12-19,SE,SPBE-12.25,SPBE,190890,10,1164.0,2945.0,1781.0,1.0,2363.0,2348.0,2025-11-05 14:03:28,0.47,0.24,0.16,0.0,SPBE,1.0
SFH6,RFUD,SPYF-3.26,Фьючерсный контракт SPYF-3.26,687.98,2,0.01,2026-03-20,2026-03-20,SF,SPYF-3.26,SPYF,9690,1,7228.57,717.67,643.39,0.80886,680.53,688.03,2025-11-05 14:03:28,11.02,5.51,3.67,3.67,SPYF,80.886
SFM6,RFUD,SPYF-6.26,Фьючерсный контракт SPYF-6.26,691.5,2,0.01,2026-06-19,2026-06-19,SF,SPYF-6.26,SPYF,1416,1,7357.42,723.28,645.32,0.80886,684.3,691.5,2025-11-05 14:03:28,11.08,5.54,3.69,3.69,SPYF,80.886
SFU6,RFUD,SPYF-9.26,Фьючерсный контракт SPYF-9.26,697.68,2,0.01,2026-09-18,2026-09-18,SF,SPYF-9.26,SPYF,330,1,7815.08,732.19,649.81,0.80886,691.0,697.68,2025-11-05 14:03:28,11.17,5.59,3.72,3.72,SPYF,80.886
SFZ5,RFUD,SPYF-12.25,Фьючерсный контракт SPYF-12.25,683.08,2,0.01,2025-12-19,2025-12-19,SF,SPYF-12.25,SPYF,434882,1,6767.08,709.82,637.58,0.80886,673.7,682.89,2025-11-05 14:03:28,10.94,5.47,3.65,3.65,SPYF,80.886
SGH6,RFUD,SNGP-3.26,Фьючерсный контракт SNGP-3.26,40568.0,0,1.0,2026-03-19,2026-03-20,SG,SNGP-3.26,SNGP,508,1000,8903.65,45362.0,36656.0,1.0,41009.0,40699.0,2025-11-05 14:03:28,8.03,4.02,2.68,0.0,SNGP,1.0
SGZ5,RFUD,SNGP-12.25,Фьючерсный контракт SNGP-12.25,38923.0,0,1.0,2025-12-18,2025-12-19,SG,SNGP-12.25,SNGP,18446,1000,8289.3,43484.0,35292.0,1.0,39388.0,38922.0,2025-11-05 14:03:28,7.71,3.86,2.57,0.0,SNGP,1.0
SHH6,RFUD,SFIN-3.26,Фьючерсный контракт SFIN-3.26,1149.6,1,0.2,2026-03-19,2026-03-20,SH,SFIN-3.26,SFIN,11044,1,460.3,1393.2,943.6,0.2,1168.4,1149.6,2025-11-05 14:03:28,0.23,0.12,0.07,0.0,SFIN,1.0
SHZ5,RFUD,SFIN-12.25,Фьючерсный контракт SFIN-12.25,1214.0,1,0.2,2025-12-18,2025-12-19,SH,SFIN-12.25,SFIN,45932,1,442.16,1491.2,1054.4,0.2,1272.8,1212.6,2025-11-05 14:03:28,0.24,0.12,0.08,0.0,SFIN,1.0
SiH6,RFUD,Si-3.26,Фьючерсный контракт Si-3.26,83505.0,0,1.0,2026-03-19,2026-03-19,Si,Si-3.26,Si,599330,1000,13122.79,92369.0,78075.0,1.0,85222.0,83526.0,2025-11-05 14:03:28,3.86,1.93,1.29,1.29,Si,1.0
SiH7,RFUD,Si-3.27,Фьючерсный контракт Si-3.27,95707.0,0,1.0,2027-03-18,2027-03-18,Si,Si-3.27,Si,420,1000,15907.05,105128.0,88148.0,1.0,96638.0,95707.0,2025-11-05 14:03:28,4.42,2.21,1.48,1.47,Si,1.0
SiM6,RFUD,Si-6.26,Фьючерсный контракт Si-6.26,86251.0,0,1.0,2026-06-18,2026-06-18,Si,Si-6.26,Si,16328,1000,13687.22,95368.0,80530.0,1.0,87949.0,86162.0,2025-11-05 14:03:28,3.98,1.99,1.32,1.33,Si,1.0
SiM7,RFUD,Si-6.27,Фьючерсный контракт Si-6.27,98229.0,0,1.0,2027-06-17,2027-06-17,Si,Si-6.27,Si,430,1000,16718.25,108131.0,90369.0,1.0,99250.0,0.0,2025-11-05 14:03:28,4.54,2.27,1.51,1.51,Si,1.0
SiU6,RFUD,Si-9.26,Фьючерсный контракт Si-9.26,89300.0,0,1.0,2026-09-17,2026-09-17,Si,Si-9.26,Si,2426,1000,14393.84,98961.0,83441.0,1.0,91201.0,89300.0,2025-11-05 14:03:28,4.12,2.06,1.37,1.38,Si,1.0
SiZ5,RFUD,Si-12.25,Фьючерсный контракт Si-12.25,80925.0,0,1.0,2025-12-18,2025-12-18,Si,Si-12.25,Si,9136748,1000,12806.1,89762.0,75772.0,1.0,82767.0,80945.0,2025-11-05 14:03:28,3.74,1.87,1.25,1.25,Si,1.0
SiZ6,RFUD,Si-12.26,Фьючерсный контракт Si-12.26,92883.0,0,1.0,2026-12-17,2026-12-17,Si,Si-12.26,Si,2644,1000,15144.43,102521.0,86275.0,1.0,94398.0,92883.0,2025-11-05 14:03:28,4.3,2.15,1.43,1.43,Si,1.0
SNH6,RFUD,SNGR-3.26,Фьючерсный контракт SNGR-3.26,21235.0,0,1.0,2026-03-19,2026-03-20,SN,SNGR-3.26,SNGR,934,1000,4613.9,23484.0,18974.0,1.0,21229.0,21235.0,2025-11-05 14:03:28,4.21,2.11,1.41,0.0,SNGR,1.0
SNZ5,RFUD,SNGR-12.25,Фьючерсный контракт SNGR-12.25,20431.0,0,1.0,2025-12-18,2025-12-19,SN,SNGR-12.25,SNGR,20942,1000,4296.29,22553.0,18307.0,1.0,20430.0,20392.0,2025-11-05 14:03:28,4.05,2.03,1.35,0.0,SNGR,1.0
SOH6,RFUD,SIBN-3.26,Фьючерсный контракт SIBN-3.26,5020.0,0,1.0,2026-03-19,2026-03-20,SO,SIBN-3.26,SIBN,1126,10,1000.48,5537.0,4559.0,1.0,5048.0,5020.0,2025-11-05 14:03:28,0.99,0.5,0.33,0.0,SIBN,1.0
SOZ5,RFUD,SIBN-12.25,Фьючерсный контракт SIBN-12.25,4841.0,0,1.0,2025-12-18,2025-12-19,SO,SIBN-12.25,SIBN,31468,10,926.21,5323.0,4409.0,1.0,4866.0,4842.0,2025-11-05 14:03:28,0.96,0.48,0.32,0.0,SIBN,1.0
SPH6,RFUD,SBPR-3.26,Фьючерсный контракт SBPR-3.26,31258.0,0,1.0,2026-03-19,2026-03-20,SP,SBPR-3.26,SBPR,2538,100,5896.96,34200.0,28434.0,1.0,31317.0,31283.0,2025-11-05 14:03:28,6.19,3.1,2.07,0.0,SBPR,1.0
SPM6,RFUD,SBPR-6.26,Фьючерсный контракт SBPR-6.26,31817.0,0,1.0,2026-06-18,2026-06-19,SP,SBPR-6.26,SBPR,44,100,6168.39,34899.0,28901.0,1.0,31900.0,31719.0,2025-11-05 14:03:28,6.3,3.15,2.1,0.0,SBPR,1.0
SPU6,RFUD,SBPR-9.26,Фьючерсный контракт SBPR-9.26,30844.0,0,1.0,2026-09-17,2026-09-18,SP,SBPR-9.26,SBPR,24,100,6115.87,33641.0,27693.0,1.0,30667.0,0.0,2025-11-05 14:03:28,6.11,3.06,2.04,0.0,SBPR,1.0
SPZ5,RFUD,SBPR-12.25,Фьючерсный контракт SBPR-12.25,30016.0,0,1.0,2025-12-18,2025-12-19,SP,SBPR-12.25,SBPR,32378,100,5438.81,32788.0,27412.0,1.0,30100.0,30014.0,2025-11-05 14:03:28,5.95,2.98,1.98,0.0,SBPR,1.0
SQH6,RFUD,SOXQ-3.26,Фьючерсный контракт SOXQ-3.26,58.5,2,0.01,2026-03-20,2026-03-20,SQ,SOXQ-3.26,SOXQ,1014,1,581.56,59.81,53.65,0.80886,56.73,58.5,2025-11-05 14:03:28,0.94,0.47,0.31,0.31,SOXQ,80.886
SQZ5,RFUD,SOXQ-12.25,Фьючерсный контракт SOXQ-12.25,56.64,2,0.01,2025-12-19,2025-12-19,SQ,SOXQ-12.25,SOXQ,40236,1,546.63,57.33,51.51,0.80886,54.42,56.5,2025-11-05 14:03:28,0.91,0.46,0.3,0.3,SOXQ,80.886
SRH6,RFUD,SBRF-3.26,Фьючерсный контракт SBRF-3.26,31593.0,0,1.0,2026-03-19,2026-03-20,SR,SBRF-3.26,SBRF,8838,100,6117.86,34600.0,28764.0,1.0,31682.0,31593.0,2025-11-05 14:03:28,6.26,3.13,2.09,0.0,SBRF,1.0
SRM6,RFUD,SBRF-6.26,Фьючерсный контракт SBRF-6.26,32330.0,0,1.0,2026-06-18,2026-06-19,SR,SBRF-6.26,SBRF,512,100,6246.43,35411.0,29337.0,1.0,32374.0,32330.0,2025-11-05 14:03:28,6.4,3.2,2.14,0.0,SBRF,1.0
SRU6,RFUD,SBRF-9.26,Фьючерсный контракт SBRF-9.26,30707.0,0,1.0,2026-09-17,2026-09-18,SR,SBRF-9.26,SBRF,820,100,6185.45,33882.0,27866.0,1.0,30874.0,30663.0,2025-11-05 14:03:28,6.08,3.04,2.03,0.0,SBRF,1.0
SRZ5,RFUD,SBRF-12.25,Фьючерсный контракт SBRF-12.25,30402.0,0,1.0,2025-12-18,2025-12-19,SR,SBRF-12.25,SBRF,337660,100,5505.62,33216.0,27774.0,1.0,30495.0,30413.0,2025-11-05 14:03:28,6.02,3.01,2.0,0.0,SBRF,1.0
SSH6,RFUD,SMLT-3.26,Фьючерсный контракт SMLT-3.26,923.0,0,1.0,2026-03-19,2026-03-20,SS,SMLT-3.26,SMLT,29224,1,467.69,1152.0,696.0,1.0,924.0,924.0,2025-11-05 14:03:28,0.19,0.1,0.07,0.0,SMLT,1.0
SSZ5,RFUD,SMLT-12.25,Фьючерсный контракт SMLT-12.25,884.0,0,1.0,2025-12-18,2025-12-19,SS,SMLT-12.25,SMLT,558084,1,450.66,1109.0,665.0,1.0,887.0,884.0,2025-11-05 14:03:28,0.17,0.09,0.05,0.0,SMLT,1.0
SuX5,RFUD,SUGAR-11.25,Фьючерсный контракт SUGAR-11.25,48090.0,0,10.0,2025-11-14,2025-11-14,Su,SUGAR-11.25,SUGAR,100,100,769.54,51080.0,43420.0,1.0,47250.0,48090.0,2025-11-05 14:03:28,0.64,0.32,0.21,0.21,SUGAR,0.1
SuZ5,RFUD,SUGAR-12.25,Фьючерсный контракт SUGAR-12.25,48850.0,0,10.0,2025-12-15,2025-12-15,Su,SUGAR-12.25,SUGAR,220,100,818.32,53030.0,44950.0,1.0,48990.0,48870.0,2025-11-05 14:03:28,0.64,0.32,0.21,0.21,SUGAR,0.1
SVH6,RFUD,SILV-3.26,Фьючерсный контракт SILV-3.26,48.77,2,0.01,2026-03-20,2026-03-20,SV,SILV-3.26,SILV,45454,10,6032.4,50.88,44.8,8.08861,47.84,48.74,2025-11-05 14:03:28,5.2,2.6,1.74,1.74,SILV,808.8609999999999
SVM6,RFUD,SILV-6.26,Фьючерсный контракт SILV-6.26,49.81,2,0.01,2026-06-19,2026-06-19,SV,SILV-6.26,SILV,8104,10,6029.29,52.15,45.81,8.08861,48.98,49.81,2025-11-05 14:03:28,5.32,2.66,1.77,1.77,SILV,808.8609999999999
SVU6,RFUD,SILV-9.26,Фьючерсный контракт SILV-9.26,50.84,2,0.01,2026-09-18,2026-09-18,SV,SILV-9.26,SILV,1232,10,6206.25,53.3,46.8,8.08861,50.05,50.84,2025-11-05 14:03:28,5.43,2.72,1.81,1.81,SILV,808.8609999999999
SVZ5,RFUD,SILV-12.25,Фьючерсный контракт SILV-12.25,48.3,2,0.01,2025-12-19,2025-12-19,SV,SILV-12.25,SILV,461950,10,5201.99,50.14,44.6,8.08861,47.37,48.27,2025-11-05 14:03:28,5.16,2.58,1.72,1.72,SILV,808.8609999999999
SXH6,RFUD,STOX-3.26,Фьючерсный контракт STOX-3.26,5798.7,1,0.1,2026-03-20,2026-03-20,SX,STOX-3.26,STOX,204,100,805.16,6111.5,5369.1,0.09338,5740.3,0.0,2025-11-05 14:03:28,1.08,0.54,0.36,0.36,STOX,0.9338
SXZ5,RFUD,STOX-12.25,Фьючерсный контракт STOX-12.25,5762.0,1,0.1,2025-12-19,2025-12-19,SX,STOX-12.25,STOX,8184,100,784.41,6063.4,5338.2,0.09338,5700.8,5762.0,2025-11-05 14:03:28,1.06,0.53,0.35,0.36,STOX,0.9338
SZH6,RFUD,SGZH-3.26,Фьючерсный контракт SGZH-3.26,1232.0,0,1.0,2026-03-19,2026-03-20,SZ,SGZH-3.26,SGZH,5650,1000,868.86,1654.0,806.0,1.0,1230.0,1233.0,2025-11-05 14:03:28,0.24,0.12,0.08,0.0,SGZH,1.0
SZZ5,RFUD,SGZH-12.25,Фьючерсный контракт SGZH-12.25,1189.0,0,1.0,2025-12-18,2025-12-19,SZ,SGZH-12.25,SGZH,112092,1000,843.39,1608.0,776.0,1.0,1192.0,1185.0,2025-11-05 14:03:28,0.24,0.12,0.08,0.0,SGZH,1.0
TBH6,RFUD,T-3.26,Фьючерсный контракт T-3.26,3170.0,0,1.0,2026-03-19,2026-03-20,TB,T-3.26,T,12276,1,613.7,3493.0,2893.0,1.0,3193.0,3175.0,2025-11-05 14:03:28,0.63,0.32,0.21,0.0,T,1.0
TBZ5,RFUD,T-12.25,Фьючерсный контракт T-12.25,3056.0,0,1.0,2025-12-18,2025-12-19,TB,T-12.25,T,457918,1,566.95,3358.0,2798.0,1.0,3078.0,3059.0,2025-11-05 14:03:28,0.61,0.31,0.21,0.0,T,1.0
TCH6,RFUD,TENCENT-3.26,Фьючерсный контракт TENCENT-3.26,643.1,1,0.1,2026-03-20,2026-03-20,TC,TENCENT-3.26,TENCENT,12,10,10017.84,679.0,596.4,10.4282,637.7,643.2,2025-11-05 14:03:28,13.28,6.64,4.43,4.43,TENCENT,104.282
TCZ5,RFUD,TENCENT-12.25,Фьючерсный контракт TENCENT-12.25,643.3,1,0.1,2025-12-19,2025-12-19,TC,TENCENT-12.25,TENCENT,50,10,9761.98,675.7,594.9,10.4282,635.3,0.0,2025-11-05 14:03:28,13.29,6.65,4.43,4.43,TENCENT,104.282
TLH6,RFUD,TLT-3.26,Фьючерсный контракт TLT-3.26,91.74,2,0.01,2026-03-20,2026-03-20,TL,TLT-3.26,TLT,582,10,5967.58,94.37,88.03,8.08861,91.2,91.01,2025-11-05 14:03:28,14.69,7.35,4.9,4.9,TLT,808.8609999999999
TLZ5,RFUD,TLT-12.25,Фьючерсный контракт TLT-12.25,90.5,2,0.01,2025-12-19,2025-12-19,TL,TLT-12.25,TLT,9220,10,5696.17,93.5,87.42,8.08861,90.46,90.4,2025-11-05 14:03:28,14.49,7.25,4.83,4.83,TLT,808.8609999999999
TNH6,RFUD,TRNF-3.26,Фьючерсный контракт TRNF-3.26,1309.0,0,1.0,2026-03-19,2026-03-20,TN,TRNF-3.26,TRNF,6012,1,287.51,1450.0,1170.0,1.0,1310.0,1309.0,2025-11-05 14:03:28,0.26,0.13,0.09,0.0,TRNF,1.0
TNZ5,RFUD,TRNF-12.25,Фьючерсный контракт TRNF-12.25,1270.0,0,1.0,2025-12-18,2025-12-19,TN,TRNF-12.25,TRNF,186564,1,268.05,1406.0,1142.0,1.0,1274.0,1273.0,2025-11-05 14:03:28,0.25,0.13,0.09,0.0,TRNF,1.0
TPH6,RFUD,TATP-3.26,Фьючерсный контракт TATP-3.26,5521.0,0,1.0,2026-03-19,2026-03-20,TP,TATP-3.26,TATP,390,10,1210.42,6100.0,4918.0,1.0,5509.0,5521.0,2025-11-05 14:03:28,1.09,0.55,0.36,0.0,TATP,1.0
TPZ5,RFUD,TATP-12.25,Фьючерсный контракт TATP-12.25,5352.0,0,1.0,2025-12-18,2025-12-19,TP,TATP-12.25,TATP,7638,10,1128.59,5920.0,4806.0,1.0,5363.0,5348.0,2025-11-05 14:03:28,1.06,0.53,0.35,0.0,TATP,1.0
TRH6,RFUD,UTRY-3.26,Фьючерсный контракт UTRY-3.26,44.0709,4,0.0001,2026-03-19,2026-03-19,TR,UTRY-3.26,UTRY,0,1000,31604.03,50.1817,37.9601,0.19291,44.0709,0.0,2025-11-03 18:59:30,3.93,1.97,1.31,1.31,UTRY,1929.1
TRZ5,RFUD,UTRY-12.25,Фьючерсный контракт UTRY-12.25,43.0229,4,0.0001,2025-12-18,2025-12-18,TR,UTRY-12.25,UTRY,0,1000,28571.78,48.6545,37.3913,0.19291,43.0229,0.0,2025-11-03 18:59:30,3.83,1.92,1.27,1.28,UTRY,1929.1
TTH6,RFUD,TATN-3.26,Фьючерсный контракт TATN-3.26,58181.0,0,1.0,2026-03-19,2026-03-20,TT,TATN-3.26,TATN,484,100,11065.21,63509.0,52689.0,1.0,58099.0,58181.0,2025-11-05 14:03:28,11.52,5.76,3.84,0.0,TATN,1.0
TTZ5,RFUD,TATN-12.25,Фьючерсный контракт TATN-12.25,56627.0,0,1.0,2025-12-18,2025-12-19,TT,TATN-12.25,TATN,14606,100,10223.3,61680.0,51576.0,1.0,56628.0,56627.0,2025-11-05 14:03:28,11.22,5.61,3.74,0.0,TATN,1.0
TYH6,RFUD,TRY-3.26,Фьючерсный контракт TRY-3.26,1.767,3,0.001,2026-03-19,2026-03-19,TY,TRY-3.26,TRY,586,1000,628.1,2.278,1.356,1.0,1.817,1.752,2025-11-05 14:03:28,0.08,0.04,0.03,0.03,TRY,1000.0
TYM6,RFUD,TRY-6.26,Фьючерсный контракт TRY-6.26,1.973,3,0.001,2026-06-18,2026-06-18,TY,TRY-6.26,TRY,290,1000,626.81,2.458,1.536,1.0,1.997,0.0,2025-11-05 14:03:28,0.09,0.05,0.03,0.03,TRY,1000.0
TYZ5,RFUD,TRY-12.25,Фьючерсный контракт TRY-12.25,1.859,3,0.001,2025-12-18,2025-12-18,TY,TRY-12.25,TRY,3350,1000,607.4,2.29,1.39,1.0,1.84,1.883,2025-11-05 14:03:28,0.09,0.05,0.03,0.03,TRY,1000.0
UCH6,RFUD,UCNY-3.26,Фьючерсный контракт UCNY-3.26,7.115,3,0.001,2026-03-19,2026-03-19,UC,UCNY-3.26,UCNY,6212,1000,8494.0,7.615,6.651,11.3827,7.133,7.111,2025-11-05 14:03:28,3.67,1.84,1.22,1.22,UCNY,11382.699999999999
UCM6,RFUD,UCNY-6.26,Фьючерсный контракт UCNY-6.26,7.139,3,0.001,2026-06-18,2026-06-18,UC,UCNY-6.26,UCNY,12,1000,9038.04,7.659,6.639,11.3827,7.149,0.0,2025-11-05 14:03:28,3.69,1.85,1.23,1.23,UCNY,11382.699999999999
UCU6,RFUD,UCNY-9.26,Фьючерсный контракт UCNY-9.26,7.063,3,0.001,2026-09-17,2026-09-17,UC,UCNY-9.26,UCNY,12,1000,9657.88,7.615,6.531,11.3827,7.073,0.0,2025-11-05 14:03:28,3.64,1.82,1.22,1.21,UCNY,11382.699999999999
UCZ5,RFUD,UCNY-12.25,Фьючерсный контракт UCNY-12.25,7.117,3,0.001,2025-12-18,2025-12-18,UC,UCNY-12.25,UCNY,106548,1000,7944.95,7.585,6.679,11.3827,7.132,7.117,2025-11-05 14:03:28,3.67,1.84,1.22,1.22,UCNY,11382.699999999999
UNH6,RFUD,UPRO-3.26,Фьючерсный контракт UPRO-3.26,14928.0,0,1.0,2026-03-19,2026-03-20,UN,UPRO-3.26,UPRO,272,10000,3249.98,16523.0,13347.0,1.0,14935.0,14916.0,2025-11-05 14:03:28,2.96,1.48,0.99,0.0,UPRO,1.0
UNZ5,RFUD,UPRO-12.25,Фьючерсный контракт UPRO-12.25,14401.0,0,1.0,2025-12-18,2025-12-19,UN,UPRO-12.25,UPRO,4984,10000,3026.86,15898.0,12908.0,1.0,14403.0,14401.0,2025-11-05 14:03:28,2.85,1.43,0.95,0.0,UPRO,1.0
USDRUBF,RFUD,USDRUBF,USDRUBF,80.89,2,0.01,2100-01-01,2100-01-01,US,USDRUBF,USDRUBTOM,1624934,1000,12148.21,87.57,74.21,10.0,80.89,80.16,2025-11-03 18:59:30,3.74,1.87,1.25,80.89,USDRUBF,1000.0
UTH6,RFUD,UKZT-3.26,Фьючерсный контракт UKZT-3.26,569.2,1,0.1,2026-03-19,2026-03-19,UT,UKZT-3.26,UKZT,0,1000,15552.02,618.3,520.1,15.0,569.2,0.0,2025-11-05 14:03:28,3.9,1.95,1.3,1.3,UKZT,150.0
UTZ5,RFUD,UKZT-12.25,Фьючерсный контракт UKZT-12.25,556.8,1,0.1,2025-12-18,2025-12-18,UT,UKZT-12.25,UKZT,2,1000,15190.72,604.9,508.7,15.0,556.8,0.0,2025-11-05 14:03:28,3.82,1.91,1.27,1.27,UKZT,150.0
VBH6,RFUD,VTBR-3.26,Фьючерсный контракт VTBR-3.26,7314.0,0,1.0,2026-03-19,2026-03-20,VB,VTBR-3.26,VTBR,59954,100,1401.64,8139.0,6769.0,1.0,7454.0,7317.0,2025-11-05 14:03:28,1.45,0.73,0.49,0.0,VTBR,1.0
VBZ5,RFUD,VTBR-12.25,Фьючерсный контракт VTBR-12.25,7017.0,0,1.0,2025-12-18,2025-12-19,VB,VTBR-12.25,VTBR,1712598,100,1292.6,7801.0,6525.0,1.0,7163.0,7029.0,2025-11-05 14:03:28,1.39,0.7,0.47,0.0,VTBR,1.0
VIX5,RFUD,RVI-11.25,Фьючерсный контракт RVI-11.25,37.6,2,0.05,2025-11-20,2025-11-20,VI,RVI-11.25,RVI,1004,1,2450.21,44.15,31.05,8.08861,37.6,0.0,2025-11-03 18:59:30,0.4,0.2,0.14,0.13,RVI,161.77219999999997
VIZ5,RFUD,RVI-12.25,Фьючерсный контракт RVI-12.25,37.6,2,0.05,2025-12-18,2025-12-18,VI,RVI-12.25,RVI,220,1,2453.83,44.15,31.05,8.08861,37.6,0.0,2025-11-03 18:59:30,0.4,0.2,0.14,0.13,RVI,161.77219999999997
VKH6,RFUD,VKCO-3.26,Фьючерсный контракт VKCO-3.26,2839.0,0,1.0,2026-03-19,2026-03-20,VK,VKCO-3.26,VKCO,7566,10,782.38,3224.0,2460.0,1.0,2842.0,2826.0,2025-11-05 14:03:28,0.56,0.28,0.19,0.0,VKCO,1.0
VKZ5,RFUD,VKCO-12.25,Фьючерсный контракт VKCO-12.25,2730.0,0,1.0,2025-12-18,2025-12-19,VK,VKCO-12.25,VKCO,100384,10,737.89,3098.0,2370.0,1.0,2734.0,2740.0,2025-11-05 14:03:28,0.54,0.27,0.18,0.0,VKCO,1.0
W4F6,RFUD,WHEAT-1.26,Фьючерсный контракт WHEAT-1.26,17250.0,0,10.0,2026-01-30,2026-01-30,W4,WHEAT-1.26,WHEAT,118,1,2010.71,18160.0,16200.0,10.0,17180.0,17250.0,2025-11-05 14:03:28,2.28,1.14,0.76,0.76,WHEAT,1.0
W4G6,RFUD,WHEAT-2.26,Фьючерсный контракт WHEAT-2.26,17270.0,0,10.0,2026-02-27,2026-02-27,W4,WHEAT-2.26,WHEAT,482,1,2080.45,18230.0,16190.0,10.0,17210.0,17270.0,2025-11-05 14:03:28,2.28,1.14,0.76,0.76,WHEAT,1.0
W4H6,RFUD,WHEAT-3.26,Фьючерсный контракт WHEAT-3.26,17560.0,0,10.0,2026-03-31,2026-03-31,W4,WHEAT-3.26,WHEAT,324,1,2177.42,18670.0,16550.0,10.0,17610.0,17480.0,2025-11-05 14:03:28,2.32,1.16,0.77,0.77,WHEAT,1.0
W4J6,RFUD,WHEAT-4.26,Фьючерсный контракт WHEAT-4.26,17750.0,0,10.0,2026-04-30,2026-04-30,W4,WHEAT-4.26,WHEAT,176,1,2252.43,18800.0,16620.0,10.0,17710.0,0.0,2025-11-05 14:03:28,2.35,1.18,0.78,0.78,WHEAT,1.0
W4K6,RFUD,WHEAT-5.26,Фьючерсный контракт WHEAT-5.26,17600.0,0,10.0,2026-05-29,2026-05-29,W4,WHEAT-5.26,WHEAT,80,1,2277.33,18690.0,16490.0,10.0,17590.0,17600.0,2025-11-05 14:03:28,2.33,1.17,0.78,0.77,WHEAT,1.0
W4M6,RFUD,WHEAT-6.26,Фьючерсный контракт WHEAT-6.26,17790.0,0,10.0,2026-06-30,2026-06-30,W4,WHEAT-6.26,WHEAT,126,1,2281.67,18740.0,16520.0,10.0,17630.0,17790.0,2025-11-05 14:03:28,2.35,1.18,0.78,0.78,WHEAT,1.0
W4N6,RFUD,WHEAT-7.26,Фьючерсный контракт WHEAT-7.26,18010.0,0,10.0,2026-07-31,2026-07-31,W4,WHEAT-7.26,WHEAT,4,1,2268.24,18970.0,16770.0,10.0,17870.0,18010.0,2025-11-05 14:03:28,2.38,1.19,0.8,0.79,WHEAT,1.0
W4Q6,RFUD,WHEAT-8.26,Фьючерсный контракт WHEAT-8.26,18200.0,0,10.0,2026-08-31,2026-08-31,W4,WHEAT-8.26,WHEAT,8,1,2284.95,19150.0,16930.0,10.0,18040.0,18200.0,2025-11-05 14:03:28,2.4,1.2,0.8,0.8,WHEAT,1.0
W4U6,RFUD,WHEAT-9.26,Фьючерсный контракт WHEAT-9.26,17580.0,0,10.0,2026-09-30,2026-09-30,W4,WHEAT-9.26,WHEAT,400,1,2273.36,18640.0,16440.0,10.0,17540.0,17580.0,2025-11-05 14:03:28,2.32,1.16,0.77,0.77,WHEAT,1.0
W4V6,RFUD,WHEAT-10.26,Фьючерсный контракт WHEAT-10.26,14140.0,0,10.0,2026-10-30,2026-10-30,W4,WHEAT-10.26,WHEAT,0,1,2164.69,15250.0,13150.0,10.0,14200.0,0.0,2025-11-05 14:03:28,1.86,0.93,0.62,0.62,WHEAT,1.0
W4X5,RFUD,WHEAT-11.25,Фьючерсный контракт WHEAT-11.25,16850.0,0,10.0,2025-11-28,2025-11-28,W4,WHEAT-11.25,WHEAT,462,1,1795.75,17680.0,15900.0,10.0,16790.0,16850.0,2025-11-05 14:03:28,2.23,1.12,0.75,0.74,WHEAT,1.0
W4Z5,RFUD,WHEAT-12.25,Фьючерсный контракт WHEAT-12.25,17070.0,0,10.0,2025-12-30,2025-12-30,W4,WHEAT-12.25,WHEAT,4642,1,1963.21,18000.0,16080.0,10.0,17040.0,17100.0,2025-11-05 14:03:28,2.26,1.13,0.75,0.75,WHEAT,1.0
WUH6,RFUD,WUSH-3.26,Фьючерсный контракт WUSH-3.26,1001.0,0,1.0,2026-03-19,2026-03-20,WU,WUSH-3.26,WUSH,27742,10,373.27,1234.0,870.0,1.0,1052.0,1009.0,2025-11-05 14:03:28,0.19,0.1,0.07,0.0,WUSH,1.0
WUZ5,RFUD,WUSH-12.25,Фьючерсный контракт WUSH-12.25,987.0,0,1.0,2025-12-18,2025-12-19,WU,WUSH-12.25,WUSH,494472,10,356.22,1223.0,871.0,1.0,1047.0,986.0,2025-11-05 14:03:28,0.19,0.1,0.07,0.0,WUSH,1.0
X5H6,RFUD,X5-3.26,Фьючерсный контракт X5-3.26,2501.0,0,1.0,2026-03-19,2026-03-20,X5,X5-3.26,X5,24600,1,506.4,2752.0,2258.0,1.0,2505.0,2501.0,2025-11-05 14:03:28,0.49,0.25,0.16,0.0,X5,1.0
X5Z5,RFUD,X5-12.25,Фьючерсный контракт X5-12.25,2524.0,0,1.0,2025-12-18,2025-12-19,X5,X5-12.25,X5,373820,1,470.97,2774.0,2310.0,1.0,2542.0,2524.0,2025-11-05 14:03:28,0.5,0.25,0.17,0.0,X5,1.0
XIH6,RFUD,XIA-3.26,Фьючерсный контракт XIA-3.26,48.23,2,0.01,2026-03-20,2026-03-20,XI,XIA-3.26,XIA,162,100,8071.58,49.66,43.0,10.4282,46.33,48.17,2025-11-05 14:03:28,9.96,4.98,3.32,3.32,XIA,1042.82
XIZ5,RFUD,XIA-12.25,Фьючерсный контракт XIA-12.25,45.75,2,0.01,2025-12-19,2025-12-19,XI,XIA-12.25,XIA,820,100,7866.68,47.49,40.99,10.4282,44.24,45.74,2025-11-05 14:03:28,9.44,4.72,3.15,3.15,XIA,1042.82
YDH6,RFUD,YDEX-3.26,Фьючерсный контракт YDEX-3.26,4309.0,0,1.0,2026-03-19,2026-03-20,YD,YDEX-3.26,YDEX,10272,1,831.02,4736.0,3936.0,1.0,4336.0,4305.0,2025-11-05 14:03:28,0.85,0.43,0.28,0.0,YDEX,1.0
YDZ5,RFUD,YDEX-12.25,Фьючерсный контракт YDEX-12.25,4156.0,0,1.0,2025-12-18,2025-12-19,YD,YDEX-12.25,YDEX,266894,1,755.49,4559.0,3813.0,1.0,4186.0,4164.0,2025-11-05 14:03:28,0.82,0.41,0.28,0.0,YDEX,1.0
ZCH6,RFUD,ZINC-3.26,Фьючерсный контракт ZINC-3.26,3169.0,1,0.5,2026-03-17,2026-03-17,ZC,ZINC-3.26,ZINC,186,100,3479.6,3348.0,2981.0,4.04431,3164.5,3169.0,2025-11-05 14:03:28,3.39,1.7,1.13,1.13,ZINC,8.08862
ZCZ5,RFUD,ZINC-12.25,Фьючерсный контракт ZINC-12.25,3139.5,1,0.5,2025-12-16,2025-12-16,ZC,ZINC-12.25,ZINC,540,100,3096.37,3263.5,2933.5,4.04431,3098.5,3118.0,2025-11-05 14:03:28,3.35,1.68,1.11,1.12,ZINC,8.08862
